t,dt,acc_x_g,acc_y_g,acc_z_g,acc_mag_g,gyro_x_rads,gyro_y_rads,gyro_z_rads,state,step,heading_rad,pos_x_m,pos_y_m,walkable
0.000008,0.000008,0.120496,-0.073091,1.012073,1.021838,-0.014765,0.057431,0.005915,MOVE,0,0.000000,1.000000,0.250000,1
0.131714,0.131706,0.112495,-0.076469,1.014266,1.023347,0.016981,-0.074228,-0.007960,MOVE,0,-0.001048,1.000000,0.250000,1
0.163071,0.031357,0.121223,-0.070920,1.006224,1.015978,0.020667,-0.008678,-0.004376,MOVE,0,-0.001186,1.000000,0.250000,1
0.195943,0.032872,0.121950,-0.070438,1.007930,1.017721,-0.005605,0.035041,0.000214,MOVE,0,-0.001178,1.000000,0.250000,1
0.230101,0.034158,0.117344,-0.075986,1.010611,1.020234,0.009480,0.003979,-0.004242,MOVE,0,-0.001323,1.000000,0.250000,1
0.270245,0.040144,0.119283,-0.070679,1.007443,1.016939,0.013222,-0.000027,-0.003475,MOVE,0,-0.001463,1.000000,0.250000,1
0.311362,0.041117,0.120738,-0.072850,1.002569,1.012437,0.001736,0.018941,-0.003074,MOVE,0,-0.001589,1.000000,0.250000,1
0.351063,0.039701,0.121223,-0.072127,1.006712,1.016546,0.004194,0.012642,-0.000864,MOVE,0,-0.001624,1.000000,0.250000,1
0.385050,0.033986,0.119768,-0.070438,1.008661,1.018186,0.001922,0.015269,-0.001726,MOVE,0,-0.001682,1.000000,0.250000,1
0.416414,0.031365,0.117829,-0.073091,1.007199,1.016699,0.010400,0.003666,-0.002830,MOVE,0,-0.001771,1.000000,0.250000,1
0.449623,0.033209,0.118071,-0.074780,1.006955,1.016608,0.011800,-0.001730,-0.002425,MOVE,0,-0.001852,1.000000,0.250000,1
0.485482,0.035859,0.118314,-0.072850,1.008661,1.018186,0.007939,0.002075,-0.002614,STILL,0,-0.001945,1.000000,0.250000,1
0.524430,0.038948,0.118556,-0.075745,1.009880,1.019632,0.011588,-0.001943,-0.003413,STILL,0,-0.002078,1.000000,0.250000,1
0.555793,0.031363,0.117586,-0.072368,1.008661,1.018067,0.006743,0.003751,-0.004780,STILL,0,-0.002228,1.000000,0.250000,1
0.587215,0.031422,0.117586,-0.073333,1.008661,1.018136,0.005282,0.003636,-0.002834,STILL,0,-0.002317,1.000000,0.250000,1
0.623064,0.035849,0.117344,-0.073333,1.008905,1.018350,0.008939,0.002354,-0.002455,STILL,0,-0.002405,1.000000,0.250000,1
0.654789,0.031725,0.117829,-0.074056,1.007686,1.017251,0.007791,0.000209,-0.001747,STILL,0,-0.002461,1.000000,0.250000,1
0.686343,0.031554,0.118314,-0.073091,1.009636,1.019169,0.011104,-0.000984,-0.002570,STILL,0,-0.002542,1.000000,0.250000,1
0.717879,0.031535,0.117101,-0.073815,1.007686,1.017150,0.006616,0.003773,-0.002764,STILL,0,-0.002629,1.000000,0.250000,1
0.749658,0.031780,0.117586,-0.073091,1.009392,1.018843,0.005189,0.003942,-0.003267,STILL,0,-0.002733,1.000000,0.250000,1
0.787703,0.038044,0.116132,-0.073574,1.008417,1.017745,0.005316,0.002294,-0.003769,STILL,0,-0.002876,1.000000,0.250000,1
0.831095,0.043393,0.117586,-0.073333,1.008174,1.017654,0.006345,0.000081,-0.001297,STILL,0,-0.002932,1.000000,0.250000,1
0.871018,0.039923,0.116859,-0.074539,1.008661,1.018140,0.006449,0.000683,-0.000592,STILL,0,-0.002956,1.000000,0.250000,1
0.914602,0.043584,0.118314,-0.073574,1.008661,1.018238,0.008932,0.000686,-0.002044,STILL,0,-0.003045,1.000000,0.250000,1
0.951449,0.036847,0.116374,-0.074539,1.007686,1.017119,0.005392,0.001188,-0.002586,STILL,0,-0.003140,1.000000,0.250000,1
0.982777,0.031328,0.116859,-0.072850,1.009149,1.018501,0.006418,-0.001590,-0.000698,STILL,0,-0.003162,1.000000,0.250000,1
1.017176,0.034399,0.117344,-0.072609,1.009880,1.019264,0.004693,0.002027,-0.001266,STILL,0,-0.003206,1.000000,0.250000,1
1.051498,0.034322,0.115647,-0.073333,1.007930,1.017190,0.004526,0.001649,-0.003010,STILL,0,-0.003309,1.000000,0.250000,1
1.086254,0.034756,0.117344,-0.074056,1.007443,1.016954,0.002308,0.002209,-0.001418,STILL,0,-0.003358,1.000000,0.250000,1
1.118510,0.032256,0.117586,-0.073815,1.008174,1.017689,0.003703,-0.000221,-0.001661,STILL,0,-0.003412,1.000000,0.250000,1
1.154313,0.035803,0.118314,-0.075021,1.007686,1.017378,0.005666,-0.000820,-0.001906,STILL,0,-0.003480,1.000000,0.250000,1
1.188943,0.034630,0.189593,-0.000965,1.058619,1.075463,-0.101235,0.146704,0.007257,MOVE,0,-0.003229,1.000000,0.250000,1
1.223168,0.034225,0.113950,-0.056929,1.005006,1.013046,-0.037400,0.037054,-0.004655,MOVE,0,-0.003388,1.000000,0.250000,1
1.257931,0.034764,0.118798,-0.081776,0.999401,1.009754,0.009255,-0.007164,-0.002577,MOVE,0,-0.003478,1.000000,0.250000,1
1.300580,0.042649,0.117586,-0.074780,1.002569,1.012207,0.017181,-0.082121,-0.012146,MOVE,0,-0.003996,1.000000,0.250000,1
1.337129,0.036548,0.115889,-0.073091,1.005250,1.014544,0.056207,-0.065033,-0.012597,MOVE,0,-0.004456,1.000000,0.250000,1
1.375126,0.037997,0.126072,-0.065613,1.003544,1.013558,0.000454,0.007897,0.003903,MOVE,0,-0.004308,1.000000,0.250000,1
1.406478,0.031353,0.120496,-0.072368,1.013535,1.023235,-0.051455,0.030217,-0.005231,MOVE,0,-0.004472,1.000000,0.250000,1
1.437824,0.031346,0.117344,-0.063442,1.013779,1.022517,-0.010968,0.015070,-0.004317,MOVE,0,-0.004607,1.000000,0.250000,1
1.469328,0.031504,0.236870,-0.062960,0.942863,0.974198,-0.042733,0.215129,0.011565,MOVE,0,-0.004243,1.000000,0.250000,1
1.500687,0.031359,0.025699,-0.026535,1.062275,1.062917,-0.178040,0.262165,0.016147,MOVE,0,-0.003737,1.000000,0.250000,1
1.532862,0.032175,0.103524,-0.090942,1.001107,1.010546,0.090117,-0.107105,-0.028869,MOVE,0,-0.004666,1.000000,0.250000,1
1.566148,0.033286,0.097463,-0.044144,1.000863,1.006566,-0.015902,0.022623,0.006150,MOVE,0,-0.004461,1.000000,0.250000,1
1.606890,0.040742,0.118071,-0.085153,1.012560,1.022971,-0.021148,0.061377,-0.012007,MOVE,0,-0.004950,1.000000,0.250000,1
1.646375,0.039485,0.099160,-0.079846,1.007686,1.015697,0.025517,-0.014022,-0.014590,MOVE,0,-0.005526,1.000000,0.250000,1
1.683402,0.037027,0.112980,-0.080087,1.005737,1.015227,-0.000631,0.027929,-0.011726,MOVE,0,-0.005960,1.000000,0.250000,1
1.714745,0.031343,0.105464,-0.081776,1.009392,1.018176,-0.006780,0.032043,-0.006281,MOVE,0,-0.006157,1.000000,0.250000,1
1.746745,0.032001,0.096251,-0.076710,1.013779,1.021223,0.001814,0.005772,-0.001913,MOVE,0,-0.006218,1.000000,0.250000,1
1.779665,0.032920,0.094796,-0.080811,1.014754,1.022371,-0.001580,-0.002894,0.002575,MOVE,0,-0.006134,1.000000,0.250000,1
1.811044,0.031379,0.112980,-0.090218,1.001594,1.011975,0.004998,0.008374,-0.003365,MOVE,0,-0.006239,1.000000,0.250000,1
1.842379,0.031335,0.105706,-0.082017,1.009636,1.018462,0.008887,-0.001444,-0.011541,MOVE,0,-0.006601,1.000000,0.250000,1
1.873729,0.031350,0.096493,-0.079605,1.011098,1.018807,0.007480,-0.000189,0.001336,MOVE,0,-0.006559,1.000000,0.250000,1
1.905800,0.032071,0.102797,-0.075262,1.003787,1.011840,-0.009470,0.015122,0.005425,STILL,0,-0.006385,1.000000,0.250000,1
1.937200,0.031400,0.096978,-0.079846,1.009392,1.017179,-0.000120,-0.001550,0.004073,STILL,0,-0.006257,1.000000,0.250000,1
1.973793,0.036593,0.097948,-0.078398,1.011829,1.019578,0.002816,-0.008272,0.007581,STILL,0,-0.005980,1.000000,0.250000,1
2.011511,0.037718,0.101100,-0.081776,0.999401,1.007825,0.011237,-0.020573,0.005115,STILL,0,-0.005787,1.000000,0.250000,1
2.042910,0.031399,0.107646,-0.107104,1.003544,1.014967,0.031954,-0.019578,-0.006169,STILL,0,-0.005980,1.000000,0.250000,1
2.074271,0.031362,0.086553,-0.074056,1.022065,1.028393,0.023989,-0.032045,0.004131,STILL,0,-0.005851,1.000000,0.250000,1
2.110399,0.036127,0.102797,-0.095525,1.011829,1.021514,0.041975,-0.064575,-0.006142,STILL,0,-0.006073,1.000000,0.250000,1
2.142430,0.032032,0.118314,-0.074539,0.936771,0.947150,0.025176,-0.034643,-0.000644,MOVE,0,-0.006093,1.000000,0.250000,1
2.178057,0.035627,0.112010,-0.077434,1.007199,1.016362,-0.010725,0.026031,0.005904,MOVE,0,-0.005883,1.000000,0.250000,1
2.212614,0.034557,0.093099,-0.082499,1.022552,1.030090,0.016215,-0.031017,-0.000559,MOVE,0,-0.005902,1.000000,0.250000,1
2.248349,0.035735,0.098191,-0.072127,1.018897,1.026155,0.048400,-0.082475,-0.006670,MOVE,0,-0.006141,1.000000,0.250000,1
2.281307,0.032958,0.117829,-0.002171,0.997451,1.004389,-0.011160,0.025342,0.010129,MOVE,0,-0.005807,1.000000,0.250000,1
2.313503,0.032196,0.096009,-0.069714,1.020359,1.027234,-0.010722,0.013553,-0.003808,MOVE,0,-0.005930,1.000000,0.250000,1
2.349565,0.036062,0.124375,-0.072609,0.992334,1.002730,0.012769,0.024023,0.004076,MOVE,0,-0.005783,1.000000,0.250000,1
2.388771,0.039206,0.065218,-0.091183,1.009149,1.015357,0.005347,-0.002807,-0.003200,MOVE,0,-0.005908,1.000000,0.250000,1
2.427103,0.038332,0.094311,-0.052105,1.009392,1.015127,-0.000070,0.003971,0.007392,MOVE,0,-0.005625,1.000000,0.250000,1
2.463392,0.036289,0.096009,-0.055964,1.014997,1.021063,-0.013314,0.009467,0.013321,MOVE,0,-0.005141,1.000000,0.250000,1
2.501145,0.037753,0.128981,-0.096490,1.010855,1.023608,0.011573,-0.013919,-0.001346,MOVE,0,-0.005192,1.000000,0.250000,1
2.548199,0.047055,0.121950,-0.074780,1.002569,1.012723,-0.012310,0.026636,-0.003093,MOVE,0,-0.005338,1.000000,0.250000,1
2.585111,0.036911,0.111283,-0.073333,1.009636,1.018394,-0.004528,0.005184,-0.005717,STILL,0,-0.005549,1.000000,0.250000,1
2.616521,0.031410,0.104979,-0.005789,1.010123,1.015580,0.007078,-0.010087,0.000391,STILL,0,-0.005536,1.000000,0.250000,1
2.650109,0.033588,0.102797,-0.064890,1.020846,1.028059,-0.006833,0.013902,0.005983,STILL,0,-0.005335,1.000000,0.250000,1
2.683400,0.033292,0.105706,-0.068991,1.016460,1.024267,0.010081,-0.004443,0.003707,STILL,0,-0.005212,1.000000,0.250000,1
2.716334,0.032933,0.120011,-0.070197,1.006955,1.016508,0.004900,0.002718,0.005955,STILL,0,-0.005016,1.000000,0.250000,1
2.747677,0.031343,0.119526,-0.083464,1.005981,1.016489,-0.009211,0.022326,0.006637,STILL,0,-0.004808,1.000000,0.250000,1
2.779117,0.031440,0.112010,-0.083223,1.014510,1.024062,0.004879,-0.002952,0.001372,STILL,0,-0.004765,1.000000,0.250000,1
2.810443,0.031326,0.112252,-0.073333,1.008905,1.017776,-0.000053,0.004023,0.001947,STILL,0,-0.004704,1.000000,0.250000,1
2.841805,0.031363,0.111283,-0.073091,1.008661,1.017410,-0.004740,0.011815,0.002137,STILL,0,-0.004637,1.000000,0.250000,1
2.873208,0.031403,0.111525,-0.070679,1.009149,1.017750,-0.004577,0.008704,0.003567,STILL,0,-0.004525,1.000000,0.250000,1
2.904541,0.031333,0.111525,-0.076951,1.014266,1.023277,-0.011276,0.020110,0.004639,STILL,0,-0.004379,1.000000,0.250000,1
2.937090,0.032548,0.108131,-0.070920,1.009880,1.018125,0.002553,0.000051,0.003945,STILL,0,-0.004251,1.000000,0.250000,1
2.971946,0.034856,0.113465,-0.060065,0.977468,0.985863,-0.101809,0.198086,0.020600,STILL,0,-0.003533,1.000000,0.250000,1
3.003685,0.031739,0.088735,-0.075021,1.032544,1.039061,-0.147624,0.237182,0.023960,STILL,0,-0.002772,1.000000,0.250000,1
3.036902,0.033217,0.081704,-0.098903,1.003056,1.011226,0.072815,-0.024827,-0.005032,STILL,0,-0.002939,1.000000,0.250000,1
3.083346,0.046445,0.136739,-0.078398,1.013291,1.025477,-0.006897,-0.018337,-0.000958,STILL,0,-0.002984,1.000000,0.250000,1
3.127407,0.044061,0.080492,-0.087806,1.028401,1.035276,0.065251,-0.118902,-0.015159,STILL,0,-0.003652,1.000000,0.250000,1
3.158827,0.031420,0.116374,-0.061754,1.008905,1.017470,0.021145,-0.062303,-0.006932,STILL,0,-0.003870,1.000000,0.250000,1
3.190438,0.031611,0.109828,-0.066578,1.011586,1.019706,0.055129,-0.087814,-0.010539,STILL,0,-0.004203,1.000000,0.250000,1
3.222696,0.032258,0.104009,-0.061995,1.012073,1.019291,0.021263,-0.038590,-0.003982,STILL,0,-0.004331,1.000000,0.250000,1
3.257958,0.035262,0.116859,-0.069714,0.987460,0.996791,-0.038451,0.053126,0.014028,STILL,0,-0.003837,1.000000,0.250000,1
3.289306,0.031348,0.091887,-0.103486,1.021577,1.030909,0.033257,-0.072668,-0.021514,STILL,0,-0.004511,1.000000,0.250000,1
3.320655,0.031349,0.104979,-0.092148,0.995258,1.005013,0.071091,-0.114372,-0.005287,STILL,0,-0.004677,1.000000,0.250000,1
3.353756,0.033101,0.123890,-0.065855,1.012560,1.022235,-0.045553,0.082903,0.013931,STILL,0,-0.004216,1.000000,0.250000,1
3.386203,0.032447,0.112252,-0.069956,1.002325,1.011014,-0.035286,0.066581,0.013152,STILL,0,-0.003789,1.000000,0.250000,1
3.417547,0.031344,0.107404,-0.066578,1.010855,1.018722,0.001245,0.013765,0.006508,STILL,0,-0.003585,1.000000,0.250000,1
3.448877,0.031331,0.114677,-0.075745,1.009149,1.018464,-0.000031,0.008761,0.004865,STILL,0,-0.003433,1.000000,0.250000,1
3.480213,0.031336,0.116616,-0.084188,1.004031,1.014281,-0.012114,0.052910,0.008133,STILL,0,-0.003178,1.000000,0.250000,1
3.511828,0.031614,0.112495,-0.075986,1.010855,1.019929,-0.020212,-0.047763,0.000039,STILL,0,-0.003176,1.000000,0.250000,1
3.544493,0.032665,0.119041,-0.081293,1.001350,1.011673,0.009626,-0.005871,-0.005643,STILL,0,-0.003361,1.000000,0.250000,1
3.575830,0.031337,0.116132,-0.072609,1.007930,1.017193,-0.011524,0.032854,0.000465,STILL,0,-0.003346,1.000000,0.250000,1
3.607168,0.031338,0.088008,-0.073815,1.031569,1.037944,0.043676,-0.055894,0.002673,STILL,0,-0.003262,1.000000,0.250000,1
3.638516,0.031348,0.106919,-0.044627,1.009880,1.016504,-0.028830,0.059159,0.011036,STILL,0,-0.002916,1.000000,0.250000,1
3.669876,0.031360,0.104009,-0.081534,1.018653,1.027190,0.027215,-0.037757,-0.001488,STILL,0,-0.002963,1.000000,0.250000,1
3.701218,0.031342,0.121223,-0.074780,0.999401,1.009499,0.011563,-0.006103,0.004283,STILL,0,-0.002829,1.000000,0.250000,1
3.732556,0.031338,0.116859,-0.079846,1.010855,1.020715,-0.017311,0.032195,0.000476,STILL,0,-0.002814,1.000000,0.250000,1
3.766260,0.033704,0.119041,-0.076227,0.992577,1.002592,-0.031762,0.073008,0.007897,STILL,0,-0.002548,1.000000,0.250000,1
3.797725,0.031465,0.113950,-0.068026,1.027913,1.036445,-0.084080,0.139949,0.015272,STILL,0,-0.002067,1.000000,0.250000,1
3.836473,0.038748,0.107404,-0.075021,1.009149,1.017617,-0.029715,0.131973,0.013342,STILL,0,-0.001550,1.000000,0.250000,1
3.870378,0.033905,0.110798,-0.071885,1.008417,1.017030,-0.104314,0.171529,0.021495,STILL,0,-0.000822,1.000000,0.250000,1
3.902595,0.032217,0.101100,-0.083464,1.001838,1.010379,-0.133635,0.232921,0.026687,STILL,0,0.000038,1.000000,0.250000,1
3.936343,0.033748,0.078068,-0.093354,1.019140,1.026380,-0.104663,0.093872,0.013926,STILL,0,0.000508,1.000000,0.250000,1
3.967684,0.031341,0.065218,-0.089495,1.021090,1.027077,0.014156,0.001128,0.000527,STILL,0,0.000525,1.000000,0.250000,1
3.999104,0.031420,0.089463,-0.062960,0.992090,0.998103,-0.115570,0.286824,0.060460,STILL,0,0.002424,1.000000,0.250000,1
4.038058,0.038954,0.116616,-0.076227,1.009392,1.018962,-0.101520,0.196416,0.018004,STILL,0,0.003126,1.000000,0.250000,1
4.082708,0.044650,0.072491,-0.088289,1.013291,1.019710,-0.136034,0.168316,0.036941,STILL,0,0.004775,1.000000,0.250000,1
4.121964,0.039256,0.042428,-0.100350,1.011098,1.016951,-0.044859,0.169091,0.002387,STILL,0,0.004869,1.000000,0.250000,1
4.155061,0.033098,0.056005,-0.115065,1.017191,1.025209,0.031602,0.001331,-0.014588,STILL,0,0.004386,1.000000,0.250000,1
4.191062,0.036001,0.061339,-0.104210,1.013535,1.020723,0.002798,0.011002,-0.078608,STILL,0,0.001556,1.000000,0.250000,1
4.227963,0.036901,0.031033,-0.104692,1.012317,1.018189,0.065553,-0.161726,0.000104,STILL,0,0.001560,1.000000,0.250000,1
4.267057,0.039094,0.092857,-0.106381,1.009392,1.019221,0.019706,-0.053603,-0.006204,STILL,0,0.001317,1.000000,0.250000,1
4.301375,0.034318,0.063763,-0.096008,1.013779,1.020309,0.019239,-0.055846,-0.002409,STILL,0,0.001235,1.000000,0.250000,1
4.335061,0.033686,0.079037,-0.105657,1.021333,1.029822,0.045357,-0.068856,-0.006273,STILL,0,0.001023,1.000000,0.250000,1
4.367366,0.032305,0.077340,-0.103968,0.999888,1.008250,0.035260,-0.007483,-0.009251,STILL,0,0.000724,1.000000,0.250000,1
4.404424,0.037058,0.067642,-0.096249,1.013535,1.020340,0.001691,-0.005406,0.006393,STILL,0,0.000961,1.000000,0.250000,1
4.440840,0.036416,0.071522,-0.092390,1.009636,1.016374,-0.047620,0.079426,0.013781,STILL,0,0.001463,1.000000,0.250000,1
4.479342,0.038502,0.062066,-0.098179,1.017434,1.024043,-0.003499,0.017776,0.005645,STILL,0,0.001681,1.000000,0.250000,1
4.510738,0.031395,0.057460,-0.096973,1.003300,1.009612,-0.009058,0.047544,0.011447,STILL,0,0.002040,1.000000,0.250000,1
4.545977,0.035240,0.062309,-0.107104,1.010611,1.018179,0.012740,0.037114,0.006836,STILL,0,0.002281,1.000000,0.250000,1
4.591068,0.045091,0.076613,-0.090218,1.010367,1.017276,-0.031318,0.068322,0.020235,STILL,0,0.003193,1.000000,0.250000,1
4.625467,0.034399,0.068855,-0.110240,1.010123,1.018451,-0.041665,0.087992,0.009482,STILL,0,0.003519,1.000000,0.250000,1
4.656963,0.031496,0.058429,-0.117236,1.012804,1.021240,0.008410,0.028330,0.002375,STILL,0,0.003594,1.000000,0.250000,1
4.688427,0.031464,0.046065,-0.086600,1.016216,1.020939,0.028335,-0.032336,-0.012899,STILL,0,0.003188,1.000000,0.250000,1
4.723423,0.034997,0.054550,-0.091425,1.012073,1.017657,0.005131,0.011602,-0.001138,STILL,0,0.003149,1.000000,0.250000,1
4.754763,0.031340,0.058914,-0.105174,1.011829,1.018985,-0.014928,0.041747,0.010445,STILL,0,0.003476,1.000000,0.250000,1
4.787136,0.032373,0.051641,-0.098661,1.013535,1.019635,-0.020346,0.047732,0.014296,STILL,0,0.003939,1.000000,0.250000,1
4.818463,0.031327,0.050186,-0.099626,1.017434,1.023532,-0.001761,0.027694,0.005517,STILL,0,0.004112,1.000000,0.250000,1
4.849816,0.031353,0.048247,-0.095284,1.017678,1.023267,-0.012268,0.005838,0.004447,STILL,0,0.004251,1.000000,0.250000,1
4.881161,0.031345,0.043640,-0.096008,1.010367,1.015856,-0.026246,0.005457,0.007857,STILL,0,0.004497,1.000000,0.250000,1
4.912522,0.031361,0.046792,-0.101556,1.008661,1.014840,0.005383,-0.012902,0.000949,STILL,0,0.004527,1.000000,0.250000,1
4.943876,0.031354,0.062793,-0.105898,1.006468,1.013970,0.017279,0.004080,-0.004092,STILL,0,0.004399,1.000000,0.250000,1
4.975243,0.031368,0.047762,-0.084188,1.015972,1.020572,-0.055894,0.130446,0.031717,STILL,0,0.005394,1.000000,0.250000,1
5.006611,0.031368,0.052126,-0.105174,1.018409,1.025152,-0.073242,0.151214,0.030594,STILL,0,0.006353,1.000000,0.250000,1
5.039323,0.032712,0.025214,-0.099144,1.025233,1.030324,0.002437,0.034753,0.014920,STILL,0,0.006841,1.000000,0.250000,1
5.081956,0.042633,0.030063,-0.094078,1.000619,1.005482,0.040357,0.038695,0.015074,STILL,0,0.007484,1.000000,0.250000,1
5.113311,0.031355,0.025942,-0.076710,1.023770,1.026968,0.058958,0.035263,0.017214,STILL,0,0.008024,1.000000,0.250000,1
5.144655,0.031344,0.037579,-0.110240,1.008174,1.014879,0.035644,0.027304,-0.006372,STILL,0,0.007824,1.000000,0.250000,1
5.175979,0.031325,0.034912,-0.122784,1.014510,1.022509,0.028831,0.004679,0.004931,STILL,0,0.007978,1.000000,0.250000,1
5.207336,0.031357,0.021335,-0.094561,1.016460,1.021071,0.023986,-0.007408,-0.005052,STILL,0,0.007820,1.000000,0.250000,1
5.238698,0.031362,0.020365,-0.086118,1.017922,1.021761,0.014188,-0.017175,-0.019947,STILL,0,0.007194,1.000000,0.250000,1
5.270041,0.031342,0.028851,-0.088530,1.010611,1.014891,-0.007170,-0.021137,-0.026434,STILL,0,0.006366,1.000000,0.250000,1
5.301852,0.031811,0.028124,-0.126885,1.008905,1.017241,-0.006265,-0.051209,-0.008776,STILL,0,0.006087,1.000000,0.250000,1
5.333187,0.031335,0.022063,-0.078398,1.016947,1.020203,-0.012622,-0.040385,-0.016842,STILL,0,0.005559,1.000000,0.250000,1
5.364524,0.031337,0.034427,-0.102762,1.009149,1.014951,-0.005539,-0.032372,-0.038225,STILL,0,0.004361,1.000000,0.250000,1
5.396454,0.031930,0.030791,-0.115547,1.005493,1.012579,-0.002667,-0.018317,-0.004180,STILL,0,0.004228,1.000000,0.250000,1
5.427828,0.031374,0.016244,-0.101074,1.015485,1.020632,0.006466,-0.054547,-0.006860,STILL,0,0.004012,1.000000,0.250000,1
5.459174,0.031347,0.034185,-0.104451,1.014023,1.019961,0.014334,-0.067802,-0.009558,STILL,0,0.003713,1.000000,0.250000,1
5.490523,0.031349,0.026427,-0.085153,1.021333,1.025218,0.032018,-0.034076,-0.018764,STILL,0,0.003125,1.000000,0.250000,1
5.521869,0.031346,0.026427,-0.071162,1.008417,1.011271,-0.006804,0.038899,-0.012559,STILL,0,0.002731,1.000000,0.250000,1
5.553502,0.031633,0.038306,-0.097938,1.014997,1.020431,0.009874,0.039417,-0.009682,STILL,0,0.002425,1.000000,0.250000,1
5.588828,0.035327,0.032730,-0.104692,1.011098,1.017031,0.001517,0.023638,-0.000217,STILL,0,0.002417,1.000000,0.250000,1
5.620178,0.031350,0.032003,-0.114341,1.018653,1.025549,0.029596,-0.000616,-0.005494,STILL,0,0.002245,1.000000,0.250000,1
5.651515,0.031336,0.023517,-0.090942,1.013048,1.017393,0.004124,-0.019754,0.001460,STILL,0,0.002291,1.000000,0.250000,1
5.682861,0.031346,0.034912,-0.099144,1.017922,1.023334,-0.004157,0.012153,0.008553,STILL,0,0.002559,1.000000,0.250000,1
5.714227,0.031366,0.021578,-0.086600,1.013535,1.017457,-0.017524,-0.054217,0.001752,STILL,0,0.002614,1.000000,0.250000,1
5.745597,0.031369,0.007758,-0.058618,1.025233,1.026936,-0.040669,-0.098976,0.008056,STILL,0,0.002866,1.000000,0.250000,1
5.776913,0.031317,0.039519,-0.122302,1.015972,1.024070,0.011066,-0.135751,-0.078866,STILL,0,0.000396,1.000000,0.250000,1
5.808229,0.031316,0.020123,-0.160898,1.017678,1.030515,0.100252,-0.322981,-0.073369,STILL,0,-0.001901,1.000000,0.250000,1
5.839546,0.031317,0.047277,-0.094319,1.022552,1.027980,0.228228,-0.485166,-0.060540,STILL,0,-0.003797,1.000000,0.250000,1
5.870864,0.031318,0.083886,-0.083705,0.958460,0.965758,0.306114,-0.519374,-0.060235,STILL,0,-0.005683,1.000000,0.250000,1
5.902178,0.031314,0.090190,-0.044386,1.001594,1.006625,0.129879,-0.210582,-0.028165,STILL,0,-0.006565,1.000000,0.250000,1
5.933492,0.031314,0.091402,-0.043179,0.999644,1.004743,-0.023328,0.021788,0.014382,STILL,0,-0.006115,1.000000,0.250000,1
5.964806,0.031314,0.070067,-0.070197,1.024989,1.029776,-0.024428,0.023789,0.013557,STILL,0,-0.005691,1.000000,0.250000,1
5.996119,0.031314,0.086068,-0.085635,1.011098,1.018362,0.045645,-0.081924,0.000969,STILL,0,-0.005660,1.000000,0.250000,1
6.027437,0.031318,0.110070,-0.094078,1.002569,1.012971,0.020016,-0.036894,-0.000804,STILL,0,-0.005685,1.000000,0.250000,1
6.058750,0.031313,0.101100,-0.081534,1.007930,1.016264,-0.010282,0.002368,-0.001973,STILL,0,-0.005747,1.000000,0.250000,1
6.090063,0.031313,0.082432,-0.074056,1.021821,1.027812,0.007922,-0.023676,-0.007823,STILL,0,-0.005992,1.000000,0.250000,1
6.121378,0.031315,0.080007,-0.062478,1.014754,1.019818,0.006467,-0.018968,-0.004579,STILL,0,-0.006136,1.000000,0.250000,1
6.152695,0.031317,0.081704,-0.064407,1.014023,1.019346,0.000285,-0.006760,-0.001469,STILL,0,-0.006182,1.000000,0.250000,1
6.184007,0.031313,0.081947,-0.065372,1.013779,1.019184,-0.009278,-0.007736,0.009976,STILL,0,-0.005869,1.000000,0.250000,1
6.215319,0.031311,0.050914,-0.067302,1.039123,1.042545,0.099209,-0.194962,-0.016166,STILL,0,-0.006375,1.000000,0.250000,1
6.246632,0.031313,0.091887,-0.070197,1.012804,1.019384,0.186563,-0.358063,-0.032354,STILL,0,-0.007388,1.000000,0.250000,1
6.277944,0.031312,0.138921,-0.047039,0.983073,0.993954,0.035680,-0.076070,0.004526,STILL,0,-0.007247,1.000000,0.250000,1
6.309255,0.031311,0.110555,-0.046315,1.014997,1.022051,-0.062892,0.092975,0.015670,STILL,0,-0.006756,1.000000,0.250000,1
6.340566,0.031311,0.098433,-0.122543,1.018897,1.030949,-0.017077,0.014784,0.006202,STILL,0,-0.006562,1.000000,0.250000,1
6.371879,0.031313,0.105706,-0.077916,1.017434,1.025874,0.045255,-0.087399,-0.011551,STILL,0,-0.006924,1.000000,0.250000,1
6.403191,0.031312,0.139649,-0.060789,0.992090,1.003713,-0.011299,0.046748,0.064850,STILL,0,-0.004893,1.000000,0.250000,1
6.436926,0.033735,0.098433,-0.021952,1.111258,1.115825,-0.339944,0.487181,0.033696,MOVE,0,-0.003756,1.000000,0.250000,1
6.468241,0.031315,0.032730,-0.100350,1.035224,1.040591,0.137141,-0.220811,-0.023420,MOVE,0,-0.004490,1.000000,0.250000,1
6.499553,0.031312,0.115162,-0.051381,1.002325,1.010227,0.154857,-0.266015,-0.017006,MOVE,0,-0.005022,1.000000,0.250000,1
6.530873,0.031320,0.128254,-0.049693,0.999644,1.009063,-0.101504,0.161347,0.021475,MOVE,0,-0.004350,1.000000,0.250000,1
6.562186,0.031312,0.092614,-0.085394,1.026451,1.034153,-0.008182,0.009136,0.000820,MOVE,0,-0.004324,1.000000,0.250000,1
6.593498,0.031312,0.102555,-0.054517,1.010611,1.017263,0.048478,-0.086220,-0.010997,MOVE,0,-0.004668,1.000000,0.250000,1
6.624813,0.031315,0.102797,-0.054035,1.006224,1.012904,-0.030839,0.041253,0.008962,MOVE,0,-0.004387,1.000000,0.250000,1
6.656144,0.031331,0.093584,-0.070920,1.021090,1.027819,0.003522,-0.015337,0.000586,MOVE,0,-0.004369,1.000000,0.250000,1
6.687456,0.031312,0.096978,-0.065372,1.008905,1.015661,0.015189,-0.031564,-0.003567,MOVE,0,-0.004481,1.000000,0.250000,1
6.718797,0.031342,0.102555,-0.068026,1.011342,1.018802,-0.010850,0.008973,0.000955,MOVE,0,-0.004451,1.000000,0.250000,1
6.750110,0.031312,0.107404,-0.077192,1.013291,1.021887,0.000171,-0.009732,-0.002034,MOVE,0,-0.004515,1.000000,0.250000,1
6.781420,0.031310,0.104252,-0.065372,1.013535,1.020978,-0.013563,0.015000,0.000741,MOVE,0,-0.004491,1.000000,0.250000,1
6.812731,0.031311,0.100858,-0.120372,1.010855,1.022980,-0.010814,0.022635,-0.003535,STILL,0,-0.004602,1.000000,0.250000,1
6.844045,0.031315,0.080977,-0.046557,1.018897,1.023169,-0.010398,0.012012,-0.000775,STILL,0,-0.004626,1.000000,0.250000,1
6.875357,0.031312,0.091887,-0.057653,1.005493,1.011328,0.001582,-0.009205,0.003415,STILL,0,-0.004519,1.000000,0.250000,1
6.906678,0.031321,0.105222,-0.068749,1.014754,1.022508,-0.007568,0.000403,0.005093,STILL,0,-0.004360,1.000000,0.250000,1
6.938001,0.031323,0.105464,-0.073815,1.010367,1.018535,0.006001,-0.013212,-0.000707,STILL,0,-0.004382,1.000000,0.250000,1
6.969315,0.031314,0.102797,-0.063925,1.016216,1.023400,-0.011129,0.009362,-0.000088,STILL,0,-0.004385,1.000000,0.250000,1
7.000630,0.031315,0.095766,-0.064407,1.008174,1.014758,0.007017,-0.017058,-0.001846,STILL,0,-0.004443,1.000000,0.250000,1
7.031943,0.031313,0.106919,-0.066820,1.010367,1.018203,-0.004103,0.004756,0.000557,STILL,0,-0.004425,1.000000,0.250000,1
7.063255,0.031312,0.097706,-0.078881,1.025476,1.033136,0.022803,-0.041475,-0.007484,STILL,0,-0.004659,1.000000,0.250000,1
7.094566,0.031312,0.100858,-0.061030,1.002813,1.009718,0.052343,-0.084315,-0.007373,STILL,0,-0.004890,1.000000,0.250000,1
7.125879,0.031312,0.103282,-0.063442,1.014266,1.021483,-0.025143,0.038070,0.002412,STILL,0,-0.004815,1.000000,0.250000,1
7.157193,0.031314,0.086068,-0.060306,1.019628,1.025029,0.005592,-0.014706,-0.004821,STILL,0,-0.004966,1.000000,0.250000,1
7.188504,0.031311,0.107161,-0.057171,1.010367,1.017641,0.006538,-0.016755,0.001371,STILL,0,-0.004923,1.000000,0.250000,1
7.219864,0.031360,0.094069,-0.056206,1.006955,1.012900,-0.017224,0.017972,0.004288,STILL,0,-0.004788,1.000000,0.250000,1
7.251179,0.031315,0.092857,-0.064649,1.017434,1.023706,0.011071,-0.019291,-0.000909,STILL,0,-0.004817,1.000000,0.250000,1
7.282492,0.031313,0.108131,-0.069714,1.006468,1.014658,-0.005698,0.003708,-0.000288,STILL,0,-0.004826,1.000000,0.250000,1
7.313805,0.031312,0.097948,-0.063442,1.013779,1.020474,-0.000989,-0.004029,-0.001485,STILL,0,-0.004872,1.000000,0.250000,1
7.345117,0.031312,0.102070,-0.068749,1.008174,1.015657,0.005290,-0.008263,-0.002036,STILL,0,-0.004936,1.000000,0.250000,1
7.376432,0.031315,0.099403,-0.069473,1.004275,1.011571,0.004089,-0.000392,-0.000767,STILL,0,-0.004960,1.000000,0.250000,1
7.407747,0.031315,0.101827,-0.068508,1.013291,1.020697,0.000195,-0.001961,-0.003694,STILL,0,-0.005076,1.000000,0.250000,1
7.439071,0.031324,0.096978,-0.061513,1.014754,1.021231,0.003888,-0.006201,-0.004482,STILL,0,-0.005216,1.000000,0.250000,1
7.470384,0.031313,0.095039,-0.058135,1.014754,1.020851,-0.003648,0.002248,-0.000144,STILL,0,-0.005221,1.000000,0.250000,1
7.501696,0.031312,0.096251,-0.056688,1.014023,1.020157,-0.003266,0.002178,0.001047,STILL,0,-0.005188,1.000000,0.250000,1
7.533039,0.031343,0.094796,-0.056929,1.010611,1.016642,-0.001411,0.000374,0.000702,STILL,0,-0.005166,1.000000,0.250000,1
7.564352,0.031312,0.100130,-0.065131,1.012317,1.019340,-0.001084,0.003064,0.005158,STILL,0,-0.005004,1.000000,0.250000,1
7.595664,0.031312,0.103040,-0.069232,1.011829,1.019416,-0.002244,-0.002347,0.001728,STILL,0,-0.004950,1.000000,0.250000,1
7.626984,0.031320,0.104009,-0.070197,1.013779,1.021515,0.001704,0.000683,0.000184,STILL,0,-0.004945,1.000000,0.250000,1
7.658314,0.031331,0.097221,-0.057171,1.012073,1.018338,-0.002542,-0.002522,0.003176,STILL,0,-0.004845,1.000000,0.250000,1
7.689629,0.031314,0.098918,-0.082740,1.009880,1.018080,-0.002280,0.003465,-0.002946,STILL,0,-0.004937,1.000000,0.250000,1
7.720961,0.031333,0.100373,-0.078157,1.028157,1.035997,0.050787,-0.089806,-0.015364,STILL,0,-0.005419,1.000000,0.250000,1
7.752275,0.031313,0.106676,-0.050416,0.999644,1.006584,0.012036,-0.017497,-0.005823,STILL,0,-0.005601,1.000000,0.250000,1
7.783588,0.031314,0.112737,-0.118683,1.010367,1.023541,-0.052104,0.079020,0.008838,STILL,0,-0.005324,1.000000,0.250000,1
7.814900,0.031312,0.098675,-0.072368,1.013535,1.020896,0.015093,-0.020293,-0.000365,STILL,0,-0.005336,1.000000,0.250000,1
7.846213,0.031313,0.107888,-0.042697,0.998670,1.005388,-0.047297,0.079265,0.006458,STILL,0,-0.005134,1.000000,0.250000,1
7.879820,0.033607,0.082917,-0.063442,1.016703,1.022050,0.024484,-0.028493,-0.006035,STILL,0,-0.005336,1.000000,0.250000,1
7.911134,0.031313,0.102070,-0.060065,1.005981,1.012928,-0.005958,0.007721,0.003676,STILL,0,-0.005221,1.000000,0.250000,1
7.942449,0.031315,0.094796,-0.061030,1.017922,1.024146,-0.017372,0.026627,0.000831,STILL,0,-0.005195,1.000000,0.250000,1
7.973762,0.031313,0.098433,-0.071403,1.005006,1.012336,0.015826,-0.022656,-0.002760,STILL,0,-0.005282,1.000000,0.250000,1
8.005076,0.031314,0.106919,-0.067784,1.008661,1.016575,-0.003954,0.002986,-0.002012,STILL,0,-0.005345,1.000000,0.250000,1
8.036389,0.031313,0.104009,-0.065613,1.013048,1.020485,-0.000529,-0.000992,0.075517,STILL,0,-0.002980,1.000000,0.250000,1
8.067702,0.031313,0.101100,-0.060306,1.010611,1.017444,-0.000857,-0.000404,-0.001678,STILL,0,-0.003032,1.000000,0.250000,1
8.099013,0.031312,0.099403,-0.059100,1.016216,1.022775,-0.006804,0.010390,0.001686,STILL,0,-0.002980,1.000000,0.250000,1
8.130327,0.031314,0.099645,-0.070438,1.015241,1.022548,0.001468,-0.002983,-0.002274,STILL,0,-0.003051,1.000000,0.250000,1
8.161640,0.031313,0.104979,-0.069714,1.009880,1.017712,0.006367,-0.008973,-0.005156,STILL,0,-0.003212,1.000000,0.250000,1
8.192951,0.031311,0.098675,-0.062478,0.948956,0.956116,-0.000658,0.017905,-0.004240,STILL,0,-0.003345,1.000000,0.250000,1
8.224267,0.031316,0.088493,-0.061754,1.022552,1.028230,0.023154,-0.037770,-0.005014,STILL,0,-0.003502,1.000000,0.250000,1
8.257796,0.033529,0.101100,-0.070679,1.014266,1.021740,0.001225,-0.003427,-0.000959,STILL,0,-0.003534,1.000000,0.250000,1
8.289107,0.031311,0.093342,-0.060306,1.017191,1.023243,-0.001198,-0.001868,-0.001244,STILL,0,-0.003573,1.000000,0.250000,1
8.320420,0.031312,0.093342,-0.060065,1.013048,1.019111,0.000919,0.003524,0.000605,STILL,0,-0.003554,1.000000,0.250000,1
8.351732,0.031313,0.103767,-0.078881,1.011342,1.019707,-0.004106,0.000108,-0.003579,STILL,0,-0.003666,1.000000,0.250000,1
8.383048,0.031315,0.108858,-0.063684,1.005737,1.013613,-0.033290,0.047398,-0.005022,STILL,0,-0.003824,1.000000,0.250000,1
8.414360,0.031312,0.090190,-0.054276,1.013779,1.019229,0.004757,-0.011917,-0.003994,STILL,0,-0.003949,1.000000,0.250000,1
8.445674,0.031314,0.095039,-0.064649,1.014266,1.020758,-0.004421,0.006147,-0.002370,STILL,0,-0.004023,1.000000,0.250000,1
8.476987,0.031313,0.109101,-0.065131,1.011586,1.019534,0.006837,-0.009363,-0.001594,STILL,0,-0.004073,1.000000,0.250000,1
8.508301,0.031314,0.094554,-0.053311,1.012073,1.017877,-0.003896,0.004387,0.001782,STILL,0,-0.004017,1.000000,0.250000,1
8.539612,0.031312,0.105464,-0.068991,1.014510,1.022308,-0.016959,0.023730,0.001387,STILL,0,-0.003974,1.000000,0.250000,1
8.570928,0.031315,0.114919,-0.063201,1.016703,1.025127,-0.011627,0.000601,0.000771,STILL,0,-0.003949,1.000000,0.250000,1
8.604424,0.033496,0.092129,-0.053311,1.054964,1.060320,0.007721,0.067855,0.001643,MOVE,0,-0.003894,1.000000,0.250000,1
8.635775,0.031351,0.095039,-0.071162,1.008174,1.015141,0.000320,-0.006133,0.003665,MOVE,0,-0.003779,1.000000,0.250000,1
8.667126,0.031351,0.103524,-0.072609,1.014754,1.022602,0.016621,-0.029539,-0.003858,MOVE,0,-0.003900,1.000000,0.250000,1
8.700368,0.033242,0.101100,-0.063442,1.008905,1.015941,-0.003185,0.006581,0.000654,MOVE,0,-0.003879,1.000000,0.250000,1
8.731732,0.031364,0.105706,-0.069232,1.020846,1.028637,-0.002779,0.003268,-0.003832,MOVE,0,-0.003999,1.000000,0.250000,1
8.763065,0.031334,0.094069,-0.004342,1.010855,1.015231,0.002414,0.002046,-0.003527,MOVE,0,-0.004109,1.000000,0.250000,1
8.794515,0.031450,0.093584,-0.059824,1.009392,1.015485,-0.007501,0.011598,-0.004096,MOVE,0,-0.004238,1.000000,0.250000,1
8.825846,0.031331,0.090190,-0.054517,1.012317,1.017788,0.011658,-0.018811,-0.002463,MOVE,0,-0.004315,1.000000,0.250000,1
8.857163,0.031317,0.098433,-0.119889,1.015485,1.027264,-0.004835,0.008067,0.001813,MOVE,0,-0.004259,1.000000,0.250000,1
8.888479,0.031315,0.102797,-0.070197,1.010611,1.018248,-0.002901,0.004820,-0.002467,MOVE,0,-0.004336,1.000000,0.250000,1
8.919794,0.031315,0.095281,-0.057412,1.008661,1.014777,0.005256,-0.002768,0.000277,MOVE,0,-0.004327,1.000000,0.250000,1
8.951111,0.031317,0.101100,-0.067784,1.014023,1.021302,-0.005564,0.007378,0.001123,MOVE,0,-0.004292,1.000000,0.250000,1
8.982429,0.031317,0.101585,-0.068026,1.010855,1.018221,0.007078,-0.008847,-0.003048,STILL,0,-0.004387,1.000000,0.250000,1
9.013748,0.031320,0.102312,-0.063925,1.010123,1.017302,-0.003562,0.005675,-0.003557,STILL,0,-0.004499,1.000000,0.250000,1
9.045065,0.031316,0.088493,-0.052587,1.014997,1.020204,0.015079,-0.018467,-0.001932,STILL,0,-0.004559,1.000000,0.250000,1
9.076379,0.031314,0.094311,-0.050657,1.016703,1.022324,-0.008905,0.011815,0.007071,STILL,0,-0.004338,1.000000,0.250000,1
9.107698,0.031319,0.100373,-0.072850,1.012804,1.020369,0.001842,-0.002832,0.003287,STILL,0,-0.004235,1.000000,0.250000,1
9.139016,0.031318,0.113465,-0.079846,1.007930,1.017434,0.000213,0.001237,-0.000651,STILL,0,-0.004255,1.000000,0.250000,1
9.170340,0.031324,0.099888,-0.065131,1.007930,1.014960,-0.002176,0.000575,-0.002691,STILL,0,-0.004340,1.000000,0.250000,1
9.201741,0.031401,0.095524,-0.056929,1.015972,1.022040,-0.003375,0.003799,-0.001105,STILL,0,-0.004374,1.000000,0.250000,1
9.233124,0.031383,0.098433,-0.062236,1.005737,1.012457,0.007222,-0.005917,0.000098,STILL,0,-0.004371,1.000000,0.250000,1
9.264477,0.031353,0.100373,-0.059583,1.010367,1.017087,0.002767,-0.001455,0.000395,STILL,0,-0.004359,1.000000,0.250000,1
9.295815,0.031338,0.094311,-0.058135,1.013535,1.019573,-0.005917,0.006830,0.005411,STILL,0,-0.004189,1.000000,0.250000,1
9.327191,0.031376,0.096493,-0.058618,1.014510,1.020773,0.004944,-0.008841,0.004951,STILL,0,-0.004034,1.000000,0.250000,1
9.358537,0.031347,0.103282,-0.061030,1.007686,1.014802,-0.000015,0.003675,0.007178,STILL,0,-0.003809,1.000000,0.250000,1
9.389883,0.031346,0.099888,-0.000724,1.013048,1.017961,-0.002764,0.005813,0.006262,STILL,0,-0.003613,1.000000,0.250000,1
9.421244,0.031361,0.093584,-0.054758,1.014754,1.020530,0.001767,-0.004480,0.006659,STILL,0,-0.003404,1.000000,0.250000,1
9.452603,0.031359,0.099160,-0.048969,1.010123,1.016159,0.000757,-0.001333,0.010270,STILL,0,-0.003082,1.000000,0.250000,1
9.484695,0.032092,0.107888,-0.068267,1.008417,1.016467,-0.003453,0.000208,0.009297,STILL,0,-0.002783,1.000000,0.250000,1
9.516090,0.031395,0.109343,-0.077434,1.008417,1.017280,-0.004910,0.006838,0.005378,STILL,0,-0.002615,1.000000,0.250000,1
9.547433,0.031342,0.100373,-0.076951,1.011098,1.018978,-0.003265,0.003668,0.001325,STILL,0,-0.002573,1.000000,0.250000,1
9.578795,0.031363,0.094554,-0.077192,1.013291,1.020617,0.001323,-0.002716,-0.004364,STILL,0,-0.002710,1.000000,0.250000,1
9.610178,0.031383,0.104252,-0.069473,1.012560,1.020281,-0.002095,0.000784,-0.003613,STILL,0,-0.002823,1.000000,0.250000,1
9.641550,0.031372,0.100130,-0.065613,1.012073,1.019129,0.000413,0.000097,-0.003772,STILL,0,-0.002942,1.000000,0.250000,1
9.673596,0.032046,0.096493,-0.060065,1.012317,1.018678,0.000374,-0.001042,0.071779,STILL,0,-0.000641,1.000000,0.250000,1
9.707717,0.034121,0.095039,-0.056929,1.015485,1.021510,-0.000519,0.003477,-0.001719,STILL,0,-0.000700,1.000000,0.250000,1
9.744208,0.036491,0.095766,-0.058618,1.014266,1.020462,0.000038,-0.001348,-0.001056,STILL,0,-0.000739,1.000000,0.250000,1
9.777165,0.032958,0.096493,-0.064649,1.013535,1.020169,-0.000910,-0.001908,0.000150,STILL,0,-0.000734,1.000000,0.250000,1
9.808480,0.031315,0.104737,-0.068267,1.009880,1.017589,0.000307,-0.001244,-0.000165,STILL,0,-0.000739,1.000000,0.250000,1
9.839798,0.031318,0.104252,-0.069714,1.010611,1.018363,-0.000584,0.001179,-0.001315,STILL,0,-0.000780,1.000000,0.250000,1
9.871107,0.031309,0.102555,-0.066820,1.013535,1.020900,-0.004453,0.001160,-0.004229,STILL,0,-0.000912,1.000000,0.250000,1
9.902421,0.031313,0.098675,-0.061030,1.014266,1.020881,0.001544,-0.000324,-0.003783,STILL,0,-0.001031,1.000000,0.250000,1
9.933753,0.031332,0.097463,-0.061513,1.014023,1.020551,0.001223,-0.001525,-0.001880,STILL,0,-0.001090,1.000000,0.250000,1
9.965067,0.031314,0.100130,-0.063684,1.013048,1.019974,0.000887,0.001254,-0.002123,STILL,0,-0.001156,1.000000,0.250000,1
9.996379,0.031312,0.100615,-0.064890,1.011586,1.018646,-0.002095,-0.000279,-0.001426,STILL,0,-0.001201,1.000000,0.250000,1
10.027697,0.031318,0.098433,-0.063442,1.012804,1.019552,0.001853,-0.001146,-0.002845,STILL,0,-0.001290,1.000000,0.250000,1
10.059011,0.031314,0.098675,-0.062478,1.012560,1.019274,-0.001497,0.000949,-0.001259,STILL,0,-0.001329,1.000000,0.250000,1
10.090322,0.031312,0.097706,-0.062478,1.011829,1.018454,0.003923,-0.001179,-0.003639,STILL,0,-0.001443,1.000000,0.250000,1
10.121638,0.031316,0.098191,-0.062719,1.012073,1.018758,0.000565,0.002128,-0.001757,STILL,0,-0.001498,1.000000,0.250000,1
10.152953,0.031316,0.100858,-0.063684,1.012804,1.019804,-0.001546,-0.002102,-0.001678,STILL,0,-0.001551,1.000000,0.250000,1
10.184264,0.031311,0.100373,-0.064407,1.011342,1.018349,0.001478,-0.001151,-0.000421,STILL,0,-0.001564,1.000000,0.250000,1
10.215577,0.031312,0.101342,-0.064166,1.012560,1.019640,0.001169,0.000073,-0.002484,STILL,0,-0.001642,1.000000,0.250000,1
10.246891,0.031314,0.099888,-0.064890,1.012317,1.019300,-0.000677,0.000051,-0.003337,STILL,0,-0.001746,1.000000,0.250000,1
10.278203,0.031312,0.099645,-0.064166,1.012073,1.018989,-0.000929,-0.000221,-0.002004,STILL,0,-0.001809,1.000000,0.250000,1
10.309515,0.031312,0.100373,-0.064166,1.012560,1.019544,-0.000883,-0.000824,-0.003109,STILL,0,-0.001906,1.000000,0.250000,1
10.340830,0.031315,0.100615,-0.063925,1.011342,1.018343,0.001284,0.000084,-0.001814,STILL,0,-0.001963,1.000000,0.250000,1
10.372141,0.031312,0.098918,-0.063442,1.010855,1.017662,0.003093,0.001277,-0.001158,STILL,0,-0.001999,1.000000,0.250000,1
10.403452,0.031311,0.098675,-0.062960,1.012560,1.019303,0.000949,0.000914,-0.002020,STILL,0,-0.002063,1.000000,0.250000,1
10.434779,0.031327,0.099403,-0.062719,1.012317,1.019117,0.000357,-0.000017,0.000139,STILL,0,-0.002058,1.000000,0.250000,1
10.466094,0.031315,0.099888,-0.064407,1.013291,1.020238,-0.002332,-0.000632,-0.001973,STILL,0,-0.002120,1.000000,0.250000,1
10.499525,0.033432,0.101827,-0.064890,1.009880,1.017073,-0.000193,-0.000937,-0.001006,STILL,0,-0.002154,1.000000,0.250000,1
10.530855,0.031330,0.101342,-0.065131,1.012317,1.019459,-0.000802,-0.002437,-0.000077,STILL,0,-0.002156,1.000000,0.250000,1
10.562172,0.031316,0.100130,-0.064407,1.012073,1.019052,-0.000470,-0.000625,-0.003047,STILL,0,-0.002252,1.000000,0.250000,1
10.593486,0.031314,0.100615,-0.064890,1.013048,1.020098,-0.000465,0.001177,-0.003256,STILL,0,-0.002354,1.000000,0.250000,1
10.624801,0.031316,0.099645,-0.063684,1.011098,1.017990,-0.000159,-0.000023,-0.001946,STILL,0,-0.002414,1.000000,0.250000,1
10.656116,0.031314,0.098918,-0.060789,1.013535,1.020164,-0.001050,-0.001468,0.072588,STILL,0,-0.000141,1.000000,0.250000,1
10.687432,0.031316,0.097706,-0.063442,1.012317,1.018998,0.003205,0.000078,0.000239,STILL,0,-0.000134,1.000000,0.250000,1
10.718746,0.031315,0.098433,-0.063201,1.013779,1.020505,0.000446,-0.002317,-0.000965,STILL,0,-0.000164,1.000000,0.250000,1
10.750063,0.031316,0.099403,-0.064407,1.013291,1.020191,0.001317,0.001013,-0.002729,STILL,0,-0.000250,1.000000,0.250000,1
10.781379,0.031316,0.101585,-0.067543,1.013048,1.020366,-0.001450,0.000129,-0.002073,STILL,0,-0.000315,1.000000,0.250000,1
10.812693,0.031314,0.101827,-0.065372,1.010611,1.017829,-0.000266,0.001060,-0.001719,STILL,0,-0.000368,1.000000,0.250000,1
10.844009,0.031316,0.100373,-0.063925,1.012317,1.019287,-0.001123,0.002532,-0.001977,STILL,0,-0.000430,1.000000,0.250000,1
10.877421,0.033412,0.099645,-0.061271,1.011829,1.018569,-0.000529,-0.001405,-0.003155,STILL,0,-0.000536,1.000000,0.250000,1
10.908744,0.031323,0.100130,-0.063201,1.012804,1.019702,-0.002322,-0.000480,-0.002201,STILL,0,-0.000605,1.000000,0.250000,1
10.940063,0.031319,0.100858,-0.062719,1.012317,1.019260,0.001589,-0.000474,-0.003019,STILL,0,-0.000699,1.000000,0.250000,1
10.971378,0.031315,0.098433,-0.062960,1.011586,1.018312,0.000650,0.000738,-0.002053,STILL,0,-0.000763,1.000000,0.250000,1
11.002693,0.031315,0.098675,-0.062719,1.011342,1.018078,0.000328,0.001629,-0.001394,STILL,0,-0.000807,1.000000,0.250000,1
11.034007,0.031314,0.100858,-0.066337,1.012804,1.019973,0.000923,-0.001403,-0.001663,STILL,0,-0.000859,1.000000,0.250000,1
11.065322,0.031315,0.102312,-0.067302,1.013291,1.020665,0.002409,-0.000490,-0.002788,STILL,0,-0.000946,1.000000,0.250000,1
11.096637,0.031315,0.100858,-0.064407,1.013048,1.020091,0.000837,0.000381,-0.002105,STILL,0,-0.001012,1.000000,0.250000,1
11.127953,0.031316,0.099645,-0.062236,1.011342,1.018143,-0.000377,0.000053,-0.003811,STILL,0,-0.001132,1.000000,0.250000,1
11.159266,0.031313,0.099888,-0.062719,1.013048,1.019891,-0.002515,0.001275,-0.002894,STILL,0,-0.001222,1.000000,0.250000,1
11.190581,0.031315,0.098675,-0.064166,1.012804,1.019621,-0.000072,-0.000253,-0.002894,STILL,0,-0.001313,1.000000,0.250000,1
11.221894,0.031312,0.099160,-0.062960,1.010123,1.016930,0.000234,-0.000253,-0.001366,STILL,0,-0.001356,1.000000,0.250000,1
11.253208,0.031314,0.101100,-0.063442,1.011342,1.018361,0.000845,-0.002085,-0.002893,STILL,0,-0.001446,1.000000,0.250000,1
11.284522,0.031314,0.103282,-0.065855,1.014266,1.021636,-0.000682,0.003718,-0.001976,STILL,0,-0.001508,1.000000,0.250000,1
11.315835,0.031314,0.088978,-0.048245,1.016703,1.021729,0.001456,0.000663,0.000162,STILL,0,-0.001503,1.000000,0.250000,1
11.347149,0.031314,0.088250,-0.047280,1.014266,1.019196,0.001761,-0.001169,0.004132,STILL,0,-0.001374,1.000000,0.250000,1
11.378463,0.031314,0.102070,-0.065855,1.013048,1.020304,0.000539,0.001580,0.005352,STILL,0,-0.001206,1.000000,0.250000,1
11.409791,0.031327,0.107646,-0.080569,1.008174,1.017101,0.001149,-0.001780,0.000465,STILL,0,-0.001192,1.000000,0.250000,1
11.441130,0.031340,0.114677,-0.079122,1.005250,1.014858,0.000844,-0.004223,-0.004116,STILL,0,-0.001321,1.000000,0.250000,1
11.472447,0.031316,0.110313,-0.070679,1.008905,1.017376,-0.000072,0.001275,-0.005031,STILL,0,-0.001478,1.000000,0.250000,1
11.503761,0.031314,0.100373,-0.062236,1.012804,1.019667,-0.002515,-0.001779,-0.007473,STILL,0,-0.001712,1.000000,0.250000,1
11.535082,0.031321,0.099403,-0.060789,1.012317,1.019000,-0.000988,-0.003611,-0.007777,STILL,0,-0.001956,1.000000,0.250000,1
11.566398,0.031317,0.093584,-0.059583,1.014997,1.021043,-0.005874,0.003107,-0.004722,STILL,0,-0.002104,1.000000,0.250000,1
11.597716,0.031318,0.090917,-0.055482,1.016947,1.022509,0.002678,-0.003306,-0.000751,STILL,0,-0.002127,1.000000,0.250000,1
11.629031,0.031315,0.095039,-0.055241,1.015728,1.021660,0.000540,-0.001168,0.001997,STILL,0,-0.002065,1.000000,0.250000,1
11.660347,0.031316,0.101827,-0.066096,1.013535,1.020780,0.001150,-0.002390,0.000470,STILL,0,-0.002050,1.000000,0.250000,1
11.691664,0.031317,0.105949,-0.070920,1.011098,1.019105,0.000845,-0.002695,-0.000141,STILL,0,-0.002054,1.000000,0.250000,1
11.723026,0.031362,0.104494,-0.068991,1.011098,1.018822,-0.002820,0.003109,-0.003806,STILL,0,-0.002174,1.000000,0.250000,1
11.754341,0.031315,0.097948,-0.059583,1.013291,1.019757,-0.000071,-0.000556,0.001081,STILL,0,-0.002140,1.000000,0.250000,1
11.787751,0.033410,0.093827,-0.061513,1.013048,1.019241,-0.004652,0.000665,0.001387,STILL,0,-0.002093,1.000000,0.250000,1
11.819066,0.031315,0.099403,-0.062478,1.012560,1.019344,0.002983,-0.006359,0.001081,STILL,0,-0.002060,1.000000,0.250000,1
11.850382,0.031316,0.104252,-0.070438,1.011829,1.019622,-0.001293,0.000360,-0.001973,STILL,0,-0.002121,1.000000,0.250000,1
11.881696,0.031314,0.104494,-0.069956,1.015241,1.022999,-0.000682,0.000054,-0.004110,STILL,0,-0.002250,1.000000,0.250000,1
11.913062,0.031365,0.099403,-0.062960,1.013048,1.019858,0.000540,0.000971,-0.004116,STILL,0,-0.002379,1.000000,0.250000,1
11.944376,0.031315,0.097221,-0.058618,1.014997,1.021327,-0.002819,0.003719,-0.000451,STILL,0,-0.002393,1.000000,0.250000,1
11.975690,0.031313,0.097463,-0.062236,1.014266,1.020837,-0.000070,0.000054,-0.001367,STILL,0,-0.002436,1.000000,0.250000,1
12.007005,0.031316,0.098191,-0.063201,1.008417,1.015156,-0.003430,0.000665,-0.001367,STILL,0,-0.002479,1.000000,0.250000,1
12.038324,0.031319,0.100858,-0.066337,1.013048,1.020215,-0.004346,-0.000251,-0.001061,STILL,0,-0.002512,1.000000,0.250000,1
12.069638,0.031314,0.102797,-0.066096,1.015972,1.023296,-0.004040,0.002497,-0.001061,STILL,0,-0.002545,1.000000,0.250000,1
12.100953,0.031315,0.101100,-0.066578,1.010367,1.017593,-0.003123,0.001886,-0.003504,STILL,0,-0.002655,1.000000,0.250000,1
12.132266,0.031312,0.103040,-0.062719,1.015241,1.022382,-0.000374,0.003108,-0.004725,STILL,0,-0.002803,1.000000,0.250000,1
12.163581,0.031315,0.098918,-0.062719,1.013291,1.020038,-0.000374,0.002191,-0.002892,STILL,0,-0.002894,1.000000,0.250000,1
12.194895,0.031314,0.099160,-0.062960,1.013291,1.020077,-0.000069,0.000969,-0.000448,STILL,0,-0.002908,1.000000,0.250000,1
12.226246,0.031352,0.099645,-0.065131,1.012317,1.019292,0.000236,0.000664,-0.002281,STILL,0,-0.002979,1.000000,0.250000,1
12.257562,0.031316,0.101342,-0.064890,1.014266,1.021380,0.001763,0.000358,-0.001059,STILL,0,-0.003012,1.000000,0.250000,1
12.288878,0.031316,0.099403,-0.064890,1.010367,1.017317,-0.003123,-0.001169,-0.002891,STILL,0,-0.003103,1.000000,0.250000,1
12.320191,0.031313,0.099645,-0.064166,1.014510,1.021409,-0.002817,0.000664,-0.002585,STILL,0,-0.003184,1.000000,0.250000,1
12.351506,0.031315,0.098675,-0.063442,1.012804,1.019575,0.000848,-0.000558,-0.002279,STILL,0,-0.003255,1.000000,0.250000,1
12.382820,0.031314,0.100858,-0.065613,1.013535,1.020652,-0.002207,0.001580,-0.000446,STILL,0,-0.003269,1.000000,0.250000,1
12.414253,0.031433,0.100615,-0.063925,1.013048,1.020037,0.001764,-0.001779,-0.002584,STILL,0,-0.003350,1.000000,0.250000,1
12.445569,0.031317,0.100373,-0.065372,1.013291,1.020347,-0.000985,0.002802,-0.003194,STILL,0,-0.003450,1.000000,0.250000,1
12.476904,0.031334,0.100373,-0.064407,1.013535,1.020528,-0.000984,0.002191,-0.003194,STILL,0,-0.003550,1.000000,0.250000,1
12.508233,0.031329,0.099645,-0.063925,1.010611,1.017521,0.000848,0.000969,-0.002888,STILL,0,-0.003641,1.000000,0.250000,1
12.539568,0.031335,0.101100,-0.063925,1.012073,1.019117,-0.000068,-0.001169,-0.001361,STILL,0,-0.003684,1.000000,0.250000,1
12.570884,0.031316,0.099160,-0.061754,1.013535,1.020245,-0.000068,-0.000558,-0.000750,STILL,0,-0.003707,1.000000,0.250000,1
12.602198,0.031315,0.099888,-0.061995,1.013779,1.020573,0.000237,0.001885,-0.000749,STILL,0,-0.003731,1.000000,0.250000,1
12.633514,0.031315,0.101100,-0.065372,1.012804,1.019935,-0.001595,-0.000864,-0.001055,STILL,0,-0.003764,1.000000,0.250000,1
12.664828,0.031314,0.101585,-0.065855,1.012317,1.019530,-0.000068,0.000358,-0.001360,STILL,0,-0.003806,1.000000,0.250000,1
12.698462,0.033635,0.099403,-0.063442,1.014266,1.021098,-0.000984,0.001580,-0.002887,STILL,0,-0.003903,1.000000,0.250000,1
12.731959,0.033496,0.100373,-0.064649,1.012804,1.019817,-0.001289,0.000053,-0.001054,STILL,0,-0.003939,1.000000,0.250000,1
12.764210,0.032251,0.101100,-0.065372,1.013291,1.020419,0.000849,-0.000253,-0.004108,STILL,0,-0.004071,1.000000,0.250000,1
12.795551,0.031341,0.099645,-0.062478,1.013291,1.020094,0.000849,0.000358,-0.002580,STILL,0,-0.004152,1.000000,0.250000,1
12.826913,0.031362,0.098675,-0.060548,1.012073,1.018673,0.001460,-0.000558,-0.000747,STILL,0,-0.004175,1.000000,0.250000,1
12.858271,0.031358,0.098675,-0.063201,1.013048,1.019802,-0.000983,0.000663,-0.001969,STILL,0,-0.004237,1.000000,0.250000,1
12.889630,0.031360,0.099888,-0.063201,1.013048,1.019920,-0.001594,-0.000558,0.000169,STILL,0,-0.004232,1.000000,0.250000,1
12.921048,0.031418,0.100858,-0.065131,1.010611,1.017717,-0.000067,-0.000558,-0.001358,STILL,0,-0.004274,1.000000,0.250000,1
12.952474,0.031425,0.101827,-0.063684,1.014266,1.021352,0.000239,0.000053,-0.001358,STILL,0,-0.004317,1.000000,0.250000,1
12.983857,0.031383,0.100130,-0.066096,1.011586,1.018676,-0.000983,0.001885,-0.001968,STILL,0,-0.004379,1.000000,0.250000,1
13.015315,0.031458,0.100130,-0.063925,1.013291,1.020231,0.000849,0.000358,-0.000441,STILL,0,-0.004393,1.000000,0.250000,1
13.051745,0.036430,0.099160,-0.123025,1.014997,1.027223,-0.001594,0.000358,-0.002273,STILL,0,-0.004476,1.000000,0.250000,1
13.083366,0.031622,0.099645,-0.062960,1.013535,1.020366,0.001765,0.000663,-0.001662,STILL,0,-0.004528,1.000000,0.250000,1
13.117738,0.034371,0.099645,-0.064649,1.011586,1.018535,-0.000067,0.001274,-0.001662,STILL,0,-0.004585,1.000000,0.250000,1
13.152296,0.034558,0.099645,-0.064407,1.011829,1.018762,0.000849,-0.001474,-0.001967,STILL,0,-0.004653,1.000000,0.250000,1
13.192010,0.039714,0.099888,-0.064649,1.012317,1.019285,-0.002205,-0.000558,-0.001661,STILL,0,-0.004719,1.000000,0.250000,1
13.223499,0.031488,0.100858,-0.063442,1.013048,1.020031,-0.001289,0.000053,-0.001661,STILL,0,-0.004771,1.000000,0.250000,1
13.254837,0.031338,0.100373,-0.064890,1.013779,1.020800,-0.000678,0.000053,-0.001050,STILL,0,-0.004804,1.000000,0.250000,1
13.286204,0.031367,0.099403,-0.065372,1.010611,1.017590,-0.000372,0.000969,-0.001966,STILL,0,-0.004866,1.000000,0.250000,1
13.317555,0.031352,0.101585,-0.064407,1.012073,1.019196,-0.000677,-0.000863,-0.001354,STILL,0,-0.004908,1.000000,0.250000,1
13.348908,0.031353,0.100130,-0.063684,1.014023,1.020942,0.001460,0.000358,-0.001965,STILL,0,-0.004970,1.000000,0.250000,1
13.380260,0.031352,0.099888,-0.063442,1.011829,1.018725,-0.001594,0.002191,-0.000437,STILL,0,-0.004984,1.000000,0.250000,1
13.412500,0.032240,0.099645,-0.063442,1.013048,1.019912,-0.001288,-0.000253,-0.002881,STILL,0,-0.005077,1.000000,0.250000,1
13.443815,0.031316,0.100130,-0.063201,1.010611,1.017524,-0.000066,-0.000864,-0.000437,STILL,0,-0.005090,1.000000,0.250000,1
13.475132,0.031317,0.098918,-0.063925,1.013048,1.019871,0.001766,0.000663,-0.000437,STILL,0,-0.005104,1.000000,0.250000,1
13.506447,0.031316,0.101342,-0.064407,1.012804,1.019897,-0.001593,0.002190,-0.000131,STILL,0,-0.005108,1.000000,0.250000,1
13.537775,0.031328,0.101342,-0.064649,1.011829,1.018945,0.002377,0.000052,-0.001964,STILL,0,-0.005170,1.000000,0.250000,1
13.569093,0.031317,0.100615,-0.063925,1.012560,1.019553,0.000239,-0.000558,-0.000131,STILL,0,-0.005174,1.000000,0.250000,1
13.600417,0.031325,0.100858,-0.063925,1.010855,1.017883,-0.000677,-0.000253,-0.001047,STILL,0,-0.005207,1.000000,0.250000,1
13.631733,0.031316,0.100373,-0.062719,1.012317,1.019212,-0.001899,-0.001169,-0.003796,STILL,0,-0.005325,1.000000,0.250000,1
13.663049,0.031316,0.099645,-0.063684,1.013048,1.019927,-0.001593,0.000663,-0.001963,STILL,0,-0.005387,1.000000,0.250000,1
13.694421,0.031371,0.100615,-0.064166,1.011829,1.018842,-0.000371,0.000358,-0.000435,STILL,0,-0.005401,1.000000,0.250000,1
13.725868,0.031447,0.101827,-0.064649,1.013535,1.020687,0.000851,0.000968,-0.001352,STILL,0,-0.005443,1.000000,0.250000,1
13.757192,0.031324,0.100373,-0.063442,1.013779,1.020709,-0.002203,0.001579,-0.001351,STILL,0,-0.005485,1.000000,0.250000,1
13.788532,0.031339,0.100858,-0.063684,1.014023,1.021014,-0.000676,-0.000254,-0.001046,STILL,0,-0.005518,1.000000,0.250000,1
13.819862,0.031331,0.100615,-0.063684,1.014510,1.021474,-0.001592,-0.002391,-0.001656,STILL,0,-0.005570,1.000000,0.250000,1
13.851220,0.031357,0.100130,-0.063684,1.013535,1.020458,-0.000370,0.000357,-0.003794,STILL,0,-0.005689,1.000000,0.250000,1
13.882557,0.031337,0.100373,-0.063684,1.013535,1.020482,-0.001592,-0.001780,-0.001045,STILL,0,-0.005722,1.000000,0.250000,1
13.913886,0.031329,0.100373,-0.063201,1.012317,1.019242,-0.000981,0.002801,-0.002572,STILL,0,-0.005802,1.000000,0.250000,1
13.945233,0.031346,0.100130,-0.063442,1.013291,1.020201,-0.000370,0.000357,-0.001350,STILL,0,-0.005845,1.000000,0.250000,1
13.976578,0.031346,0.100373,-0.064890,1.013048,1.020074,0.001768,-0.001475,-0.001350,STILL,0,-0.005887,1.000000,0.250000,1
14.007905,0.031327,0.100373,-0.064166,1.014510,1.021481,0.001157,-0.001475,0.000788,STILL,0,-0.005862,1.000000,0.250000,1
14.039229,0.031323,0.099645,-0.063684,1.015241,1.022105,0.001768,-0.000253,-0.001350,STILL,0,-0.005904,1.000000,0.250000,1
14.070549,0.031320,0.101342,-0.064407,1.014266,1.021349,-0.001592,-0.002391,-0.001960,STILL,0,-0.005966,1.000000,0.250000,1
14.101898,0.031349,0.098191,-0.066096,1.009392,1.016309,-0.002508,-0.000253,-0.002571,STILL,0,-0.006046,1.000000,0.250000,1
14.133296,0.031398,0.100130,-0.065855,1.011829,1.018902,0.001463,-0.000253,-0.001044,STILL,0,-0.006079,1.000000,0.250000,1
