timestamp,dt,heading_rad,accel_x,accel_y,accel_z,accel_norm,step_event
0.004087,0.004087,1.926648,0.02085,-0.12399,0.984292,0.992289,0
0.132131,0.128044,1.926617,0.019396,-0.122784,0.982586,0.990417,0
0.165923,0.033792,1.926214,0.019638,-0.123749,0.985023,0.99296,0
0.19259,0.026667,1.925477,0.02182,-0.063925,0.984048,0.986363,0
0.222109,0.029519,1.925105,0.021093,-0.123025,0.983561,0.991449,0
0.252861,0.030752,1.924891,0.02182,-0.125196,0.982586,0.99077,0
0.279892,0.02703,1.924332,0.019881,-0.064407,0.982586,0.984895,0
0.306924,0.027033,1.92387,0.021335,-0.124231,0.983804,0.991846,0
0.333789,0.026864,1.923282,0.02085,-0.124714,0.984048,0.992138,0
0.360536,0.026747,1.922464,0.021335,-0.12399,0.984292,0.9923,0
0.394671,0.034135,1.921508,0.021093,-0.124473,0.983561,0.99163,0
0.421637,0.026966,1.920638,0.020123,-0.125679,0.983804,0.992003,0
0.455503,0.033866,1.919818,0.020608,-0.12399,0.983804,0.991801,0
0.482247,0.026744,1.919123,0.020608,-0.124473,0.984535,0.992586,0
0.516925,0.034678,1.918447,0.020123,-0.124231,0.983073,0.991096,0
0.543717,0.026793,1.917927,0.021093,-0.123749,0.984048,0.992023,0
0.577612,0.033895,1.917665,0.02182,-0.12399,0.983317,0.991343,0
0.604361,0.026749,1.91757,0.02085,-0.124231,0.98551,0.993528,0
0.635801,0.03144,1.917309,0.02085,-0.062719,0.984048,0.986265,0
0.662555,0.026755,1.91718,0.021093,-0.123749,0.985754,0.993715,0
0.689296,0.026741,1.917055,0.02085,-0.124955,0.985023,0.993136,0
0.723017,0.033721,1.916833,0.022305,-0.123508,0.981855,0.989843,0
0.749893,0.026876,1.91653,0.02182,-0.123749,0.986241,0.994214,0
0.783734,0.033841,1.916569,0.02279,-0.123749,0.983561,0.991577,0
0.810704,0.02697,1.916509,0.021093,-0.124714,0.985754,0.993835,0
0.84442,0.033715,1.916302,0.021335,-0.124231,0.984292,0.99233,0
0.871161,0.026741,1.916134,0.021335,-0.124231,0.984292,0.99233,0
0.897848,0.026687,1.916095,0.022063,-0.123749,0.984292,0.992285,0
0.931701,0.033853,1.915951,0.021093,-0.124231,0.982586,0.990633,0
0.958382,0.026681,1.915848,0.022547,-0.124714,0.986729,0.994834,0
0.98502,0.026638,1.91585,0.02085,-0.125196,0.984292,0.992441,0
1.018772,0.033752,1.915931,0.020608,-0.124473,0.984292,0.992345,0
1.045495,0.026723,1.915903,0.021093,-0.124714,0.983561,0.99166,0
1.072326,0.026831,1.915917,0.02085,-0.123749,0.984048,0.992018,0
1.09898,0.026654,1.915967,0.021335,-0.123508,0.984048,0.991998,0
1.125816,0.026836,1.915932,0.021335,-0.122784,0.986241,0.994084,0
1.152504,0.026689,1.915796,0.021093,-0.124955,0.983073,0.991207,0
1.186282,0.033778,1.915627,0.020123,-0.124714,0.987703,0.995749,0
1.212973,0.026691,1.915703,0.02085,-0.124231,0.983561,0.991594,0
1.239656,0.026683,1.915874,0.022063,-0.124231,0.986241,0.99428,0
1.271834,0.032177,1.916088,0.020123,-0.124231,0.98551,0.993513,0
1.298573,0.026739,1.916198,0.021335,-0.123749,0.986972,0.994929,0
1.325212,0.026639,1.916178,0.020608,-0.123749,0.985023,0.992979,0
1.351759,0.026547,1.916011,0.021335,-0.124231,0.986729,0.994747,0
1.378319,0.02656,1.916113,0.020123,-0.124714,0.984535,0.992607,0
1.405019,0.026699,1.916123,0.020123,-0.124955,0.985754,0.993846,0
1.438655,0.033636,1.916287,0.020365,-0.123508,0.984535,0.992461,0
1.465179,0.026524,1.916506,0.021093,-0.124955,0.986729,0.994833,0
1.491695,0.026516,1.916649,0.021578,-0.124473,0.985266,0.993332,0
1.523046,0.031351,1.916746,0.020123,-0.123749,0.987703,0.995629,0
1.549695,0.026649,1.916605,0.02085,-0.12592,0.983317,0.991566,0
1.576254,0.026559,1.916447,0.020123,-0.124473,0.985754,0.993785,0
1.602808,0.026554,1.916511,0.021093,-0.124473,0.986241,0.994289,0
1.636531,0.033723,1.916631,0.021093,-0.123508,0.983804,0.991751,0
1.663163,0.026632,1.916759,0.021093,-0.12399,0.984779,0.992778,0
1.689699,0.026536,1.917013,0.02085,-0.12399,0.984535,0.992531,0
1.723279,0.03358,1.917243,0.021093,-0.123508,0.984535,0.992476,0
1.749844,0.026564,1.917557,0.020608,-0.184538,0.984048,1.001414,0
1.776473,0.026629,1.917774,0.020123,-0.12592,0.986241,0.994451,0
1.810147,0.033673,1.918118,0.02085,-0.123025,0.985997,0.993862,0
1.83689,0.026743,1.918597,0.02085,-0.183814,0.985266,1.002483,0
1.863518,0.026628,1.918786,0.021093,-0.12399,0.984048,0.992053,0
1.897077,0.033558,1.918807,0.02085,-0.121819,0.984779,0.992504,0
1.923657,0.02658,1.918826,0.022063,-0.123749,0.98551,0.993494,0
1.950203,0.026546,1.918808,0.019396,-0.124955,0.98551,0.993589,0
1.976749,0.026546,1.918872,0.020608,-0.123266,0.984535,0.992436,0
2.010373,0.033624,1.918965,0.02085,-0.123749,0.984048,0.992018,0
2.036937,0.026564,1.919127,0.020608,-0.12399,0.982342,0.99035,0
2.063558,0.026622,1.919303,0.020608,-0.123508,0.985266,0.993191,0
2.090148,0.026589,1.91941,0.02085,-0.123749,0.985997,0.993951,0
2.123852,0.033705,1.919529,0.021578,-0.123266,0.985023,0.99294,0
2.150554,0.026702,1.919652,0.022063,-0.123508,0.986241,0.994189,0
2.177915,0.027361,1.919783,0.02182,-0.124714,0.985266,0.993368,0
2.205193,0.027277,1.919689,0.020365,-0.123025,0.98551,0.993368,0
2.239514,0.034321,1.919603,0.02182,-0.124231,0.984292,0.99234,0
2.274877,0.035363,1.919636,0.02085,-0.124473,0.985266,0.993317,0
2.308013,0.033136,1.919704,0.022305,-0.123749,0.985266,0.993258,0
2.336,0.027987,1.919554,0.021093,-0.12399,0.984779,0.992778,0
2.367321,0.031321,1.919359,0.021093,-0.123749,0.984535,0.992506,0
2.394797,0.027475,1.919286,0.02085,-0.123749,0.984292,0.992259,0
2.429434,0.034637,1.919322,0.02085,-0.124473,0.984779,0.992833,0
2.464223,0.034789,1.919356,0.020123,-0.123749,0.983804,0.991761,0
2.499203,0.03498,1.919394,0.020608,-0.123749,0.984535,0.992496,0
2.527536,0.028333,1.919395,0.020123,-0.12399,0.984779,0.992758,0
2.558977,0.031441,1.919308,0.020365,-0.124714,0.984535,0.992612,0
2.586673,0.027695,1.919185,0.020608,-0.123749,0.985023,0.992979,0
2.614412,0.02774,1.919047,0.02085,-0.122784,0.985266,0.993106,0
2.645819,0.031407,1.918744,0.021335,-0.124231,0.983561,0.991605,0
2.673784,0.027965,1.918157,0.021335,-0.124473,0.985754,0.99381,0
2.70165,0.027866,1.917962,0.021335,-0.124473,0.985266,0.993327,0
2.733216,0.031566,1.917917,0.021335,-0.124714,0.985023,0.993115,0
2.760999,0.027783,1.917875,0.021335,-0.124955,0.985023,0.993146,0
2.788853,0.027854,1.917816,0.019881,-0.12399,0.98551,0.993478,0
2.820178,0.031324,1.917848,0.022063,-0.123508,0.985266,0.993222,0
2.848151,0.027974,1.91789,0.022063,-0.124231,0.985754,0.993796,0
2.875713,0.027561,1.917893,0.020608,-0.124473,0.985023,0.99307,0
2.907025,0.031312,1.91767,0.022063,-0.062478,0.986972,0.989194,0
2.934736,0.027711,1.91757,0.021093,-0.124473,0.986485,0.99453,0
2.962673,0.027937,1.917387,0.02085,-0.124231,0.985754,0.99377,0
2.994304,0.031631,1.91722,0.020365,-0.122543,0.985023,0.992825,0
3.022416,0.028112,1.917076,0.02182,-0.123266,0.985754,0.993671,0
3.050489,0.028073,1.916742,0.02182,-0.124473,0.987216,0.995271,0
3.081725,0.031236,1.916362,0.02182,-0.124955,0.985754,0.993881,0
3.109785,0.02806,1.916222,0.020365,-0.123749,0.985754,0.9937,0
3.144799,0.035015,1.916257,0.022305,-0.12399,0.98551,0.99353,0
3.179766,0.034967,1.916366,0.022547,-0.123749,0.98551,0.993505,0
3.214608,0.034842,1.916398,0.021093,-0.125437,0.986972,0.995135,0
3.249419,0.034811,1.916295,0.02085,-0.125437,0.98551,0.99368,0
3.281001,0.031582,1.915828,0.022063,-0.062478,0.986972,0.989194,0
3.311925,0.030924,1.915739,0.02085,-0.124231,0.986972,0.994979,0
3.343946,0.03202,1.915608,0.021093,-0.123508,0.985754,0.993685,0
3.371804,0.027858,1.915457,0.020365,-0.124473,0.985754,0.99379,0
3.402553,0.030749,1.915323,0.021093,-0.122784,0.986485,0.99432,0
3.429618,0.027065,1.915169,0.021093,-0.124231,0.98551,0.993533,0
3.456736,0.027118,1.915274,0.02085,-0.123025,0.985266,0.993136,0
3.483998,0.027262,1.915599,0.020608,-0.12399,0.985754,0.993735,0
3.518465,0.034467,1.915817,0.021093,-0.123749,0.985997,0.993957,0
3.545616,0.027151,1.915961,0.021335,-0.124473,0.987216,0.995261,0
3.577985,0.032369,1.916025,0.02182,-0.123508,0.988434,0.99636,0
3.613278,0.035293,1.915957,0.021093,-0.124714,0.98551,0.993594,0
3.641347,0.028069,1.91578,0.020365,-0.123749,0.986729,0.994667,0
3.672783,0.031435,1.915675,0.021093,-0.125196,0.98746,0.995588,0
3.700492,0.027709,1.915538,0.02085,-0.124473,0.987216,0.99525,0
3.728209,0.027717,1.915455,0.02085,-0.124473,0.985997,0.994042,0
3.759525,0.031316,1.915274,0.021093,-0.12399,0.987947,0.995921,0
3.788037,0.028512,1.915117,0.021335,-0.123749,0.985754,0.99372,0
3.81613,0.028092,1.914993,0.021578,-0.124231,0.98551,0.993544,0
3.847542,0.031412,1.914893,0.02085,-0.123508,0.987216,0.99513,0
3.875415,0.027874,1.914831,0.021578,-0.123749,0.986485,0.99445,0
3.910071,0.034656,1.914713,0.02085,-0.12399,0.985997,0.993982,0
3.937844,0.027772,1.914625,0.019638,-0.123025,0.984535,0.992386,0
3.969133,0.031289,1.914702,0.020123,-0.123749,0.986972,0.994904,0
3.997156,0.028023,1.914886,0.022063,-0.12399,0.985997,0.994008,0
4.032225,0.035069,1.914938,0.020123,-0.123266,0.985997,0.993877,0
4.067371,0.035147,1.91502,0.021093,-0.122543,0.985754,0.993565,0
4.098919,0.031547,1.915049,0.022063,-0.12399,0.985997,0.994008,0
4.127367,0.028448,1.915166,0.021093,-0.123508,0.986241,0.994168,0
4.155326,0.027959,1.915102,0.021093,-0.124473,0.986729,0.994772,0
4.186691,0.031365,1.914948,0.02182,-0.124473,0.986485,0.994546,0
4.21442,0.027729,1.914842,0.020608,-0.123749,0.986485,0.99443,0
4.242071,0.027651,1.914458,0.022063,-0.124231,0.985997,0.994038,0
4.273469,0.031398,1.914223,0.020365,-0.123749,0.987216,0.99515,0
4.302904,0.029434,1.914216,0.021335,-0.123508,0.985754,0.99369,0
4.33629,0.033387,1.914403,0.02085,-0.123508,0.985266,0.993196,0
4.371387,0.035097,1.914524,0.020365,-0.124473,0.985754,0.99379,0
4.405925,0.034538,1.914564,0.020608,-0.124231,0.987703,0.995699,0
4.433122,0.027197,1.914434,0.019153,-0.124714,0.98551,0.993554,0
4.467465,0.034343,1.914112,0.021093,-0.12399,0.98551,0.993503,0
4.501931,0.034466,1.913739,0.02085,-0.124231,0.985997,0.994012,0
4.52925,0.027319,1.913494,0.021335,-0.123266,0.986972,0.994869,0
4.560234,0.030984,1.913291,0.020608,-0.123749,0.988191,0.996122,0
4.588126,0.027893,1.913203,0.02085,-0.12399,0.98551,0.993498,0
4.619223,0.031097,1.913173,0.021093,-0.123749,0.986241,0.994198,0
4.647395,0.028172,1.912919,0.02085,-0.06296,0.986485,0.988712,0
4.675112,0.027717,1.912805,0.020608,-0.123025,0.986972,0.994824,0
4.702678,0.027566,1.912683,0.02182,-0.123266,0.986729,0.994638,0
4.733801,0.031123,1.912588,0.027154,-0.126402,0.989409,0.99782,0
4.76137,0.027569,1.912446,0.021335,-0.123025,0.989653,0.997499,0
4.796778,0.035408,1.912312,0.02182,-0.123266,0.986972,0.994879,0
4.824587,0.027808,1.912171,0.021335,-0.123749,0.985997,0.993962,0
4.855962,0.031375,1.91205,0.021093,-0.062236,0.988922,0.991103,0
4.88381,0.027848,1.912435,0.021093,-0.123508,0.987947,0.995861,0
4.911589,0.02778,1.91292,0.020123,-0.124473,0.987703,0.995719,0
4.943057,0.031468,1.913105,0.019638,-0.123508,0.985266,0.993171,0
4.970869,0.027812,1.913014,0.021093,-0.12399,0.986972,0.994954,0
4.998684,0.027816,1.913027,0.020608,-0.124714,0.986729,0.994792,0
5.030061,0.031377,1.912981,0.019638,-0.124473,0.987216,0.995226,0
5.057878,0.027817,1.912892,0.022063,-0.123749,0.987216,0.995186,0
5.085665,0.027787,1.912924,0.020608,-0.124231,0.988434,0.996424,0
5.117177,0.031512,1.913196,0.021578,-0.18502,0.986972,1.004397,0
5.145103,0.027926,1.913293,0.022063,-0.124231,0.987216,0.995246,0
5.172973,0.02787,1.913369,0.021335,-0.124473,0.98746,0.995502,0
5.204339,0.031365,1.91347,0.02085,-0.123749,0.986485,0.994435,0
5.232248,0.02791,1.913642,0.020123,-0.124231,0.98746,0.995447,0
5.260011,0.027763,1.913904,0.021093,-0.12399,0.986972,0.994954,0
5.291506,0.031495,1.914082,0.020123,-0.124231,0.990384,0.998348,0
5.319372,0.027867,1.91423,0.020123,-0.124955,0.986729,0.994813,0
5.355356,0.035983,1.914354,0.021093,-0.123508,0.98746,0.995377,0
5.390125,0.03477,1.914617,0.02085,-0.12399,0.986972,0.994949,0
5.424653,0.034527,1.914713,0.020365,-0.123508,0.986972,0.994878,0
5.459107,0.034454,1.914676,0.02182,-0.124714,0.988434,0.99651,0
5.493781,0.034675,1.914559,0.02085,-0.124714,0.98746,0.995522,0
5.526844,0.033063,1.914527,0.02085,-0.123508,0.986729,0.994647,0
5.554396,0.027552,1.914567,0.02182,-0.124231,0.988434,0.99645,0
5.582265,0.027869,1.914581,0.021335,-0.123749,0.98746,0.995412,0
5.613729,0.031465,1.914591,0.019881,-0.12399,0.988922,0.996863,0
5.641774,0.028045,1.914478,0.019638,-0.124714,0.986485,0.994531,0
5.677009,0.035235,1.914411,0.020365,-0.124473,0.986972,0.994999,0
5.711936,0.034927,1.914377,0.020123,-0.124955,0.986485,0.994571,0
5.743377,0.03144,1.914356,0.02085,-0.12399,0.987216,0.99519,0
5.771256,0.027879,1.914306,0.019153,-0.124714,0.986485,0.994521,0
5.799212,0.027956,1.914237,0.020608,-0.124231,0.986485,0.99449,0
5.830702,0.03149,1.914337,0.021093,-0.123508,0.986729,0.994652,0
5.858558,0.027857,1.914564,0.022063,-0.123749,0.988678,0.996637,0
5.886382,0.027823,1.914916,0.023517,-0.123266,0.988191,0.996127,0
5.917753,0.031371,1.915419,0.023517,-0.184297,0.985997,1.003349,0
5.94558,0.027827,1.915417,0.02085,-0.122302,0.986485,0.994256,0
5.973458,0.027879,1.915221,0.021093,-0.122543,0.986485,0.994291,0
6.004753,0.031294,1.9152,0.020123,-0.18502,0.98746,1.004845,0
6.03263,0.027878,1.915005,0.020365,-0.124231,0.986972,0.994969,0
6.060503,0.027873,1.914794,0.019881,-0.124473,0.986729,0.994747,0
6.091839,0.031335,1.914812,0.02085,-0.123508,0.988434,0.996339,0
6.119852,0.028013,1.914979,0.021093,-0.124231,0.987216,0.995225,0
6.147779,0.027928,1.915212,0.021335,-0.124231,0.98746,0.995472,0
6.179307,0.031527,1.915437,0.021578,-0.12399,0.985997,0.993997,0
6.20726,0.027954,1.915589,0.019881,-0.12399,0.986241,0.994203,0
6.242244,0.034983,1.915499,0.020365,-0.123749,0.987703,0.995634,0
6.277242,0.034998,1.915298,0.020608,-0.124473,0.98746,0.995487,0
6.312212,0.034971,1.915178,0.020365,-0.124473,0.987703,0.995724,0
6.350575,0.038363,1.914953,0.020365,-0.124714,0.986972,0.995029,0
6.381744,0.031169,1.914805,0.02085,-0.123266,0.986241,0.994133,0
6.41625,0.034506,1.914798,0.022305,-0.124231,0.98551,0.99356,0
6.450747,0.034497,1.914995,0.022063,-0.124231,0.987216,0.995246,0
6.478465,0.027718,1.915161,0.019881,-0.125196,0.984779,0.992904,0
6.511816,0.03335,1.915171,0.019396,-0.123508,0.985023,0.992925,0
6.539503,0.027687,1.915119,0.020608,-0.124231,0.98746,0.995457,0
6.570826,0.031324,1.914909,0.020123,-0.063442,0.983561,0.98581,0
6.598393,0.027567,1.914679,0.021093,-0.123266,0.987703,0.995589,0
6.626015,0.027622,1.914688,0.020123,-0.124955,0.986485,0.994571,0
6.65715,0.031135,1.914719,0.022305,-0.124473,0.985997,0.994073,0
6.685024,0.027874,1.914702,0.02085,-0.125196,0.986485,0.994616,0
6.712751,0.027727,1.914704,0.02085,-0.123749,0.986241,0.994193,0
6.744117,0.031367,1.91478,0.020608,-0.12399,0.986485,0.99446,0
6.771995,0.027878,1.914883,0.021578,-0.123749,0.98746,0.995417,0
6.79991,0.027915,1.91494,0.020365,-0.12399,0.986241,0.994213,0
6.831397,0.031487,1.914964,0.02182,-0.12399,0.986972,0.994969,0
6.859257,0.02786,1.915011,0.020365,-0.123508,0.986972,0.994878,0
6.887081,0.027824,1.915116,0.021335,-0.123749,0.987947,0.995896,0
6.918381,0.0313,1.914896,0.02182,-0.061995,0.987947,0.990131,0
6.946399,0.028018,1.914863,0.021093,-0.123749,0.98746,0.995407,0
6.974123,0.027724,1.914764,0.022547,-0.124231,0.986972,0.995016,0
7.005724,0.031602,1.914651,0.022305,-0.12399,0.987216,0.995222,0
7.033638,0.027914,1.914459,0.021578,-0.125196,0.986972,0.995115,0
7.068941,0.035303,1.914371,0.020608,-0.12399,0.987216,0.995185,0
7.104083,0.035142,1.914196,0.021578,-0.125196,0.987216,0.995357,0
7.135634,0.031551,1.913963,0.020608,-0.123508,0.98746,0.995367,0
7.163608,0.027974,1.914036,0.021093,-0.123025,0.987703,0.995559,0
7.191896,0.028287,1.913934,0.020608,-0.12399,0.98746,0.995427,0
7.223547,0.031651,1.913919,0.022063,-0.184779,0.986972,1.004363,0
7.251588,0.028041,1.913806,0.020123,-0.123749,0.985997,0.993936,0
7.286543,0.034956,1.913744,0.02085,-0.125196,0.988922,0.997033,0
7.321351,0.034808,1.913556,0.022063,-0.123025,0.98746,0.995338,0
7.360716,0.039365,1.913389,0.019638,-0.12399,0.986729,0.994682,0
7.388528,0.027812,1.913331,0.020123,-0.124714,0.988434,0.996474,0
7.416205,0.027677,1.913678,0.021578,-0.124955,0.986485,0.994601,0
7.443907,0.027703,1.91388,0.019153,-0.124473,0.991846,0.99981,0
7.475175,0.031268,1.914394,0.022305,-0.184779,0.991602,1.008918,0
7.503317,0.028142,1.914612,0.020608,-0.12592,0.986972,0.995186,0
7.531429,0.028112,1.914427,0.020608,-0.123266,0.986729,0.994612,0
7.562795,0.031366,1.914378,0.021335,-0.184297,0.987216,1.004498,0
7.590245,0.027451,1.914184,0.02085,-0.124473,0.986972,0.995009,0
7.618015,0.02777,1.91399,0.019153,-0.12399,0.98551,0.993464,0
7.649638,0.031623,1.913614,0.020608,-0.063684,0.987703,0.989969,0
7.677347,0.027709,1.913662,0.021093,-0.124231,0.986972,0.994984,0
7.7055,0.028153,1.913542,0.020123,-0.123508,0.986729,0.994632,0
7.736903,0.031403,1.913758,0.021093,-0.184779,0.987947,1.0053,0
7.764714,0.027812,1.913791,0.020608,-0.123025,0.98746,0.995307,0
7.799857,0.035143,1.913653,0.021335,-0.124955,0.98551,0.993629,0
7.835269,0.035412,1.913729,0.021335,-0.123508,0.98551,0.993448,0
7.866987,0.031718,1.913899,0.022063,-0.18502,0.98551,1.00297,0
7.895273,0.028286,1.913608,0.02085,-0.124473,0.985754,0.9938,0
7.922968,0.027695,1.913632,0.021335,-0.124231,0.986972,0.994989,0
7.954334,0.031366,1.913905,0.020365,-0.18502,0.988191,1.005569,0
7.982066,0.027732,1.914073,0.021578,-0.123749,0.987216,0.995176,0
8.009983,0.027917,1.913896,0.019396,-0.124714,0.986972,0.99501,0
8.041453,0.03147,1.913748,0.020365,-0.12399,0.98551,0.993488,0
8.069513,0.02806,1.913543,0.02085,-0.123749,0.986485,0.994435,0
8.104167,0.034654,1.913333,0.019153,-0.124231,0.987216,0.995186,0
8.139196,0.035029,1.913022,0.022547,-0.123749,0.986241,0.99423,0
8.171209,0.032013,1.912839,0.02085,-0.123749,0.985266,0.993226,0
8.199003,0.027794,1.91275,0.02085,-0.122543,0.985266,0.993077,0
8.226589,0.027586,1.91266,0.021093,-0.12399,0.985754,0.993745,0
8.257837,0.031248,1.912477,0.023517,-0.122784,0.987216,0.9951,0
8.285691,0.027854,1.912206,0.023275,-0.123266,0.986729,0.994671,0
8.313972,0.028281,1.911919,0.021578,-0.125196,0.986972,0.995115,0
8.347783,0.033812,1.911656,0.020365,-0.122543,0.986485,0.994276,0
8.375369,0.027585,1.911435,0.018183,-0.12399,0.987216,0.995138,0
8.406474,0.031106,1.911239,0.019638,-0.124231,0.986485,0.99447,0
8.433931,0.027457,1.911125,0.022063,-0.123508,0.985266,0.993222,0
8.461263,0.027332,1.910879,0.024245,-0.124231,0.989409,0.997473,0
8.496256,0.034992,1.91048,0.021335,-0.122784,0.984779,0.992633,0
8.528057,0.031801,1.910346,0.021578,-0.124473,0.987947,0.995991,0
8.556217,0.02816,1.910357,0.021335,-0.121819,0.985023,0.992756,0
8.584197,0.02798,1.910355,0.019153,-0.12399,0.985997,0.993947,0
8.615407,0.031209,1.910426,0.019638,-0.125196,0.989897,0.997975,0
8.644294,0.028887,1.910484,0.020608,-0.123508,0.987947,0.99585,0
8.679104,0.03481,1.910481,0.02182,-0.123025,0.985997,0.993882,0
8.71362,0.034516,1.910484,0.022063,-0.124955,0.988678,0.996787,0
8.748294,0.034673,1.910361,0.021335,-0.124231,0.992577,1.000549,0
8.783427,0.035133,1.910275,0.021578,-0.122784,0.992821,1.000617,0
8.81513,0.031703,1.910092,0.020123,-0.126644,0.991602,0.999859,0
8.843177,0.028047,1.910114,0.024002,-0.119166,0.976737,0.984272,0
8.871051,0.027874,1.909853,0.022063,-0.123025,0.985266,0.993162,0
8.902507,0.031456,1.909449,0.022305,-0.065613,0.989897,0.992319,0
8.930099,0.027592,1.909152,0.02376,-0.124231,0.98551,0.993593,0
8.957725,0.027626,1.90911,0.021578,-0.124473,0.985997,0.994057,0
8.989062,0.031337,1.909071,0.021335,-0.123508,0.987216,0.995141,0
9.016918,0.027856,1.909065,0.021578,-0.124714,0.985997,0.994088,0
9.04495,0.028032,1.908996,0.021578,-0.123266,0.985754,0.993665,0
9.076457,0.031507,1.90908,0.02085,-0.18502,0.986485,1.003902,0
9.104155,0.027698,1.908913,0.020365,-0.125196,0.986729,0.994848,0
9.132041,0.027885,1.908794,0.020608,-0.123749,0.983804,0.991771,0
9.163583,0.031542,1.909107,0.025214,-0.183332,0.990628,1.007765,0
9.191474,0.027891,1.909456,0.019638,-0.123508,0.98551,0.993413,0
9.219073,0.027599,1.909752,0.020365,-0.122543,0.987947,0.995726,0
9.250388,0.031316,1.910042,0.019153,-0.066578,0.98551,0.987942,0
9.278181,0.027793,1.910313,0.020365,-0.12399,0.987947,0.995905,0
9.306166,0.027985,1.910741,0.019881,-0.124955,0.985754,0.993841,0
9.338003,0.031837,1.910956,0.02182,-0.123508,0.987947,0.995876,0
9.366641,0.028637,1.911077,0.02085,-0.125196,0.988922,0.997033,0
9.400569,0.033929,1.911299,0.021578,-0.123266,0.985997,0.993907,0
9.436088,0.035519,1.911622,0.02085,-0.123266,0.986485,0.994375,0
9.467671,0.031583,1.912239,0.020608,-0.184538,0.986485,1.003808,0
9.494864,0.027192,1.912836,0.019396,-0.12399,0.989653,0.997578,0
9.528603,0.03374,1.913245,0.021578,-0.123508,0.986729,0.994662,0
9.555145,0.026541,1.913508,0.020608,-0.12399,0.986972,0.994943,0
9.58198,0.026836,1.913576,0.021093,-0.12399,0.991359,0.999305,0
9.615541,0.033561,1.913417,0.02182,-0.062478,0.986972,0.989188,0
9.642222,0.026681,1.913386,0.021578,-0.124473,0.98746,0.995508,0
9.66881,0.026588,1.91321,0.021093,-0.123508,0.986729,0.994652,0
9.702398,0.033588,1.913166,0.02085,-0.124473,0.987703,0.995734,0
9.728947,0.026549,1.913015,0.022547,-0.061754,0.985754,0.987943,0
9.755482,0.026535,1.91308,0.017456,-0.126402,0.988191,0.996395,0
9.782032,0.02655,1.913154,0.02182,-0.123749,0.985023,0.993005,0
9.815572,0.03354,1.913224,0.019396,-0.124714,0.987947,0.995976,0
9.842201,0.026629,1.913178,0.019638,-0.123508,0.987703,0.995589,0
9.868784,0.026583,1.913061,0.019881,-0.123508,0.984779,0.992693,0
9.902272,0.033488,1.913079,0.021578,-0.123508,0.987703,0.995629,0
9.92881,0.026539,1.913147,0.02182,-0.124231,0.988434,0.99645,0
9.955654,0.026844,1.913195,0.02085,-0.124955,0.988678,0.996761,0
9.982075,0.026421,1.913098,0.019881,-0.124473,0.986729,0.994747,0
10.015598,0.033523,1.912924,0.022063,-0.124955,0.986485,0.994612,0
10.042151,0.026554,1.913024,0.022547,-0.123749,0.987216,0.995197,0
10.06874,0.026589,1.913564,0.02182,-0.184297,0.986241,1.00355,0
10.095261,0.02652,1.913864,0.02182,-0.123508,0.985754,0.9937,0
10.129064,0.033803,1.914139,0.02182,-0.123749,0.987703,0.995664,0
10.155877,0.026814,1.914305,0.020608,-0.123508,0.987216,0.995125,0
10.189494,0.033617,1.914255,0.020123,-0.124714,0.986485,0.99454,0
10.216102,0.026608,1.914087,0.020608,-0.124955,0.985266,0.993372,0
10.242661,0.026559,1.913646,0.02182,-0.061754,0.98551,0.987684,0
10.269233,0.026572,1.913329,0.021578,-0.123749,0.983804,0.991791,0
10.30286,0.033627,1.913177,0.019638,-0.123266,0.985266,0.993141,0
10.32941,0.026549,1.913147,0.019881,-0.124714,0.986241,0.994294,0
10.355895,0.026485,1.913001,0.020608,-0.12399,0.986241,0.994218,0
10.389356,0.033462,1.912799,0.020123,-0.12399,0.985266,0.993241,0
10.418577,0.029221,1.912419,0.020123,-0.123266,0.982098,0.990008,0
10.445387,0.02681,1.912159,0.020365,-0.124473,0.985266,0.993307,0
10.47966,0.034272,1.911956,0.020608,-0.12399,0.984048,0.992043,0
10.507509,0.027849,1.912014,0.019153,-0.124714,0.985023,0.993071,0
10.53766,0.030151,1.912111,0.020123,-0.124473,0.983561,0.99161,0
10.564262,0.026601,1.911942,0.020123,-0.062478,0.983073,0.985262,0
10.590917,0.026655,1.912131,0.02182,-0.124714,0.985266,0.993368,0
10.62479,0.033873,1.912446,0.020365,-0.123749,0.984048,0.992007,0
10.65149,0.0267,1.912896,0.023275,-0.184297,0.984779,1.002146,0
10.678091,0.026601,1.91314,0.019396,-0.124473,0.983804,0.991837,0
10.711733,0.033642,1.913545,0.021093,-0.124473,0.984292,0.992355,0
10.738389,0.026656,1.913955,0.022305,-0.124473,0.982829,0.990931,0
10.764967,0.026578,1.914066,0.02085,-0.122784,0.984048,0.991898,0
10.798627,0.03366,1.914128,0.020123,-0.123266,0.983561,0.991459,0
10.825233,0.026606,1.914211,0.020608,-0.124714,0.982586,0.990683,0
10.852031,0.026798,1.914327,0.020365,-0.124714,0.985023,0.993095,0
10.885711,0.03368,1.914429,0.021578,-0.12399,0.982829,0.990855,0
10.912324,0.026613,1.91436,0.020608,-0.123508,0.983804,0.991741,0
10.938989,0.026665,1.914337,0.02085,-0.123266,0.983804,0.991716,0
10.972604,0.033615,1.914366,0.019881,-0.12399,0.984535,0.992511,0
10.999225,0.026621,1.914448,0.020365,-0.123749,0.98551,0.993458,0
11.025896,0.026671,1.914551,0.020365,-0.123508,0.985754,0.99367,0
11.052533,0.026638,1.914567,0.020365,-0.124231,0.983073,0.991101,0
11.086209,0.033676,1.914489,0.019881,-0.062236,0.984779,0.986944,0
11.112784,0.026575,1.914828,0.020365,-0.184779,0.984535,1.001932,0
11.139631,0.026847,1.914974,0.020365,-0.12399,0.984048,0.992038,0
11.173318,0.033687,1.914959,0.020365,-0.12399,0.983561,0.991554,0
11.200012,0.026694,1.914954,0.020123,-0.124955,0.983561,0.99167,0
11.233672,0.03366,1.914874,0.019881,-0.124714,0.984535,0.992602,0
11.260339,0.026667,1.914757,0.021578,-0.123749,0.985997,0.993967,0
11.286976,0.026637,1.914654,0.020123,-0.123749,0.983804,0.991761,0
11.320637,0.033661,1.914555,0.022305,-0.124714,0.983804,0.991928,0
11.347411,0.026775,1.914479,0.022063,-0.123749,0.984779,0.992769,0
11.374011,0.026599,1.914311,0.019881,-0.12399,0.985266,0.993236,0
11.410131,0.03612,1.914108,0.020123,-0.123508,0.985023,0.992939,0
11.436001,0.02587,1.91388,0.021335,-0.124231,0.983073,0.991121,0
11.462663,0.026663,1.913789,0.022547,-0.12399,0.983561,0.991601,0
11.489211,0.026548,1.913756,0.021578,-0.12399,0.985266,0.993272,0
11.520587,0.031376,1.9137,0.02182,-0.12399,0.984292,0.99231,0
11.547092,0.026505,1.913718,0.021335,-0.124473,0.984779,0.992844,0
11.573718,0.026626,1.91369,0.02085,-0.12399,0.986241,0.994223,0
11.600218,0.0265,1.91388,0.022305,-0.123749,0.984535,0.992533,0
11.63393,0.033712,1.914252,0.02085,-0.124714,0.986241,0.994314,0
11.660563,0.026633,1.914481,0.019881,-0.124714,0.984292,0.99236,0
11.687084,0.026521,1.914411,0.021335,-0.062236,0.983561,0.985758,0
11.713624,0.026541,1.914538,0.020608,-0.12399,0.98551,0.993493,0
11.747233,0.033609,1.914698,0.021335,-0.123749,0.985754,0.99372,0
11.773717,0.026484,1.914967,0.02182,-0.18502,0.984292,1.001768,0
11.800357,0.026639,1.915012,0.021578,-0.12399,0.986485,0.99448,0
11.833891,0.033535,1.915038,0.022063,-0.123749,0.98551,0.993494,0
11.860509,0.026618,1.914795,0.021578,-0.124231,0.984779,0.992819,0
11.88703,0.026521,1.914309,0.021093,-0.123749,0.985023,0.99299,0
11.913526,0.026496,1.914053,0.020123,-0.123508,0.986241,0.994148,0
11.94709,0.033564,1.913966,0.021335,-0.124473,0.985023,0.993085,0
11.973591,0.026502,1.913923,0.020608,-0.124231,0.986972,0.994974,0
12.000401,0.02681,1.914062,0.019881,-0.18502,0.98551,1.002925,0
12.026844,0.026442,1.914078,0.02085,-0.124955,0.985266,0.993377,0
12.060442,0.033599,1.914049,0.019881,-0.12399,0.985754,0.99372,0
12.087021,0.026578,1.914013,0.020123,-0.124473,0.986729,0.994752,0
12.113515,0.026494,1.914098,0.020365,-0.123749,0.985023,0.992974,0
12.140184,0.02667,1.91417,0.02182,-0.12399,0.984779,0.992794,0
12.173784,0.0336,1.913956,0.020608,-0.124473,0.98551,0.993553,0
12.20043,0.026646,1.913986,0.021093,-0.18502,0.985023,1.00247,0
12.227002,0.026572,1.914029,0.021093,-0.124714,0.986241,0.994319,0
12.260534,0.033532,1.914059,0.020365,-0.123266,0.985266,0.993156,0
12.287124,0.026591,1.914092,0.019396,-0.18502,0.985754,1.003155,0
12.313615,0.02649,1.913993,0.02085,-0.125437,0.985023,0.993196,0
12.340122,0.026507,1.91405,0.019396,-0.123749,0.985997,0.993922,0
12.373636,0.033514,1.914102,0.022305,-0.123749,0.985023,0.993016,0
12.400173,0.026537,1.914241,0.021578,-0.063442,0.986241,0.988515,0
12.43191,0.031737,1.914347,0.02182,-0.123025,0.986241,0.994124,0
12.455154,0.023244,1.914417,0.019638,-0.124714,0.986241,0.994289,0
12.488883,0.03373,1.914416,0.021335,-0.123025,0.98551,0.993388,0
12.515661,0.026777,1.914354,0.019396,-0.123508,0.98551,0.993408,0
12.542297,0.026636,1.914335,0.020608,-0.123749,0.98551,0.993463,0
12.57598,0.033683,1.914371,0.021093,-0.124473,0.985754,0.993805,0
12.602577,0.026597,1.914465,0.020608,-0.123025,0.984779,0.992648,0
12.629422,0.026845,1.914586,0.02085,-0.124473,0.985997,0.994042,0
12.663091,0.033669,1.914763,0.020123,-0.123266,0.984779,0.992668,0
12.689777,0.026686,1.915075,0.022305,-0.124714,0.986485,0.994587,0
12.7164,0.026623,1.915342,0.020365,-0.122784,0.984779,0.992613,0
12.750082,0.033682,1.915563,0.020123,-0.123266,0.985997,0.993877,0
12.776704,0.026622,1.915539,0.020608,-0.123508,0.984779,0.992708,0
12.803385,0.026681,1.91531,0.019881,-0.124231,0.986241,0.994234,0
12.837664,0.034279,1.914715,0.022305,-0.122543,0.985266,0.993108,0
12.864333,0.026669,1.914306,0.021093,-0.124714,0.986485,0.994561,0
12.897995,0.033662,1.914085,0.021335,-0.123508,0.985754,0.99369,0
12.92462,0.026625,1.913911,0.020123,-0.123749,0.985266,0.993211,0
12.951307,0.026687,1.913769,0.022305,-0.12206,0.985023,0.992807,0
12.984895,0.033588,1.913607,0.021578,-0.123025,0.986241,0.994119,0
13.011563,0.026668,1.913425,0.021335,-0.123266,0.98551,0.993418,0
13.038183,0.026621,1.913369,0.022063,-0.125196,0.98551,0.993675,0
13.071964,0.033781,1.91325,0.021578,-0.12399,0.987216,0.995206,0
13.098615,0.026651,1.913042,0.02085,-0.124473,0.986729,0.994767,0
13.125643,0.027028,1.912827,0.021093,-0.125196,0.985023,0.993171,0
13.159407,0.033764,1.912741,0.02182,-0.12399,0.985997,0.994002,0
13.186076,0.02667,1.912733,0.022547,-0.123508,0.985023,0.992992,0
13.219785,0.033709,1.912847,0.02182,-0.124714,0.986972,0.99506,0
13.246444,0.026659,1.913157,0.021093,-0.12399,0.985266,0.993261,0
13.273052,0.026608,1.913722,0.020365,-0.124473,0.986241,0.994274,0
13.299664,0.026612,1.91408,0.021093,-0.124955,0.986485,0.994591,0
13.333355,0.03369,1.914304,0.021578,-0.123508,0.986729,0.994662,0
13.35992,0.026566,1.914465,0.021578,-0.123508,0.986241,0.994179,0
13.394625,0.034705,1.914453,0.022063,-0.12399,0.98551,0.993524,0
13.421472,0.026847,1.914665,0.020365,-0.123025,0.986485,0.994335,0
13.455597,0.034125,1.914815,0.020365,-0.123749,0.985266,0.993216,0
13.482822,0.027225,1.914803,0.02182,-0.124231,0.988434,0.99645,0
13.513275,0.030453,1.914725,0.020365,-0.123749,0.985754,0.9937,0
13.539907,0.026631,1.91484,0.021093,-0.12399,0.985997,0.993987,0
13.566484,0.026577,1.914985,0.021093,-0.123508,0.987216,0.995135,0
13.593188,0.026704,1.915155,0.019638,-0.123749,0.985997,0.993927,0
13.627496,0.034308,1.915472,0.021578,-0.18502,0.986241,1.003678,0
13.65546,0.027964,1.915526,0.020123,-0.123749,0.985754,0.993695,0
13.682137,0.026677,1.915613,0.021093,-0.124231,0.986485,0.9945,0
13.71614,0.034003,1.915774,0.020608,-0.123508,0.986729,0.994642,0
13.742748,0.026609,1.915886,0.021335,-0.124231,0.986729,0.994747,0
13.769325,0.026577,1.91589,0.020365,-0.123266,0.985997,0.993881,0
13.802974,0.033649,1.915764,0.02085,-0.124231,0.986729,0.994737,0
13.829783,0.026809,1.915534,0.021093,-0.123749,0.986241,0.994198,0
13.856532,0.026749,1.915241,0.021578,-0.123025,0.986729,0.994602,0
13.890106,0.033574,1.914987,0.021093,-0.124473,0.986485,0.99453,0
13.917046,0.02694,1.914793,0.020608,-0.124231,0.987216,0.995215,0
13.950782,0.033736,1.914645,0.02085,-0.123749,0.986485,0.994435,0
13.977517,0.026735,1.914511,0.02085,-0.123749,0.985754,0.99371,0
14.004078,0.026561,1.914553,0.02085,-0.124714,0.98746,0.995522,0
14.037846,0.033767,1.914558,0.021335,-0.123025,0.987216,0.995081,0
14.064484,0.026638,1.914459,0.020608,-0.124231,0.986972,0.994974,0
14.091284,0.0268,1.914334,0.022305,-0.12399,0.985754,0.993771,0
14.125358,0.034074,1.914183,0.021335,-0.124473,0.988922,0.996953,0
14.15211,0.026752,1.913907,0.021093,-0.124231,0.986972,0.994984,0
14.185755,0.033644,1.913722,0.022547,-0.124231,0.986485,0.994532,0
14.212457,0.026702,1.913516,0.021093,-0.123508,0.985997,0.993927,0
14.239161,0.026705,1.913327,0.021578,-0.124231,0.988922,0.996928,0
14.272823,0.033662,1.91303,0.019881,-0.123266,0.986485,0.994355,0
14.299674,0.026851,1.912712,0.020123,-0.123749,0.988434,0.996354,0
14.326413,0.026739,1.91245,0.021335,-0.124955,0.987216,0.995321,0
14.360168,0.033754,1.912051,0.02085,-0.12399,0.986729,0.994707,0
14.38676,0.026592,1.911904,0.02182,-0.123749,0.988191,0.996148,0
14.420719,0.033959,1.91177,0.021093,-0.123749,0.987703,0.995649,0
14.452116,0.031397,1.911806,0.019638,-0.123266,0.987947,0.995801,0
14.480271,0.028155,1.911889,0.020608,-0.125196,0.986485,0.994611,0
14.508506,0.028235,1.911962,0.02085,-0.124955,0.987216,0.995311,0
14.543771,0.035265,1.912033,0.020365,-0.12399,0.987216,0.99518,0
14.575397,0.031626,1.912012,0.022305,-0.124231,0.987216,0.995252,0
14.603891,0.028494,1.911921,0.021093,-0.123266,0.986241,0.994138,0
14.639304,0.035414,1.912041,0.021335,-0.12399,0.986729,0.994717,0
14.671179,0.031874,1.912263,0.020608,-0.123749,0.986729,0.994672,0
14.699087,0.027908,1.912458,0.021335,-0.123508,0.985997,0.993932,0
14.72739,0.028302,1.912619,0.022547,-0.12399,0.987703,0.995711,0
14.758734,0.031345,1.912781,0.02085,-0.123749,0.986729,0.994677,0
14.786768,0.028034,1.912954,0.02085,-0.123508,0.986241,0.994163,0
14.821975,0.035207,1.91288,0.021093,-0.125679,0.986972,0.995165,0
14.854304,0.032328,1.912476,0.021578,-0.063201,0.98551,0.98777,0
14.882359,0.028055,1.912414,0.02085,-0.124473,0.986241,0.994284,0
14.910124,0.027765,1.912226,0.02182,-0.12399,0.988434,0.99642,0
14.941533,0.031409,1.912262,0.022547,-0.18502,0.985997,1.00346,0
14.969605,0.028072,1.91195,0.02182,-0.123508,0.986972,0.994909,0
15.004936,0.035331,1.911462,0.020608,-0.123508,0.985023,0.992949,0
15.036643,0.031707,1.91114,0.020123,-0.18502,0.985023,1.002451,0
15.065014,0.028371,1.910812,0.021335,-0.124231,0.986241,0.994264,0
15.100053,0.035039,1.910566,0.02085,-0.12399,0.985997,0.993982,0
15.135134,0.035081,1.910373,0.020608,-0.123749,0.986485,0.99443,0
15.170244,0.03511,1.910362,0.021093,-0.123508,0.985997,0.993927,0
15.202087,0.031842,1.910396,0.021093,-0.123508,0.985754,0.993685,0
15.230557,0.02847,1.910424,0.019638,-0.12399,0.985266,0.993232,0
15.266377,0.03582,1.910456,0.021093,-0.123508,0.986241,0.994168,0
15.297932,0.031555,1.910365,0.021093,-0.124955,0.987216,0.995316,0
15.325676,0.027744,1.910064,0.020365,-0.123266,0.985997,0.993881,0
15.353795,0.028119,1.909799,0.020608,-0.124473,0.986241,0.994278,0
15.385272,0.031478,1.909585,0.022063,-0.12399,0.985266,0.993282,0
15.41384,0.028568,1.909445,0.020123,-0.12399,0.987947,0.995901,0
15.446521,0.032681,1.909285,0.020365,-0.12399,0.986729,0.994697,0
15.483401,0.03688,1.909089,0.022305,-0.124714,0.986972,0.995071,0
15.517152,0.033751,1.908787,0.020608,-0.12399,0.98551,0.993493,0
15.545145,0.027993,1.908384,0.02085,-0.123749,0.985023,0.992984,0
15.576852,0.031707,1.908177,0.020365,-0.184297,0.985997,1.00328,0
15.60438,0.027528,1.907899,0.020608,-0.123025,0.986241,0.994098,0
15.632237,0.027857,1.907732,0.021093,-0.123749,0.986241,0.994198,0
15.663175,0.030938,1.907801,0.022063,-0.124714,0.98551,0.993615,0
15.691177,0.028002,1.907952,0.022063,-0.123266,0.985266,0.993192,0
15.719604,0.028427,1.908008,0.020123,-0.124473,0.985266,0.993302,0
15.751664,0.03206,1.908164,0.019638,-0.123749,0.986241,0.994169,0
15.779779,0.028116,1.908037,0.02085,-0.124231,0.986729,0.994737,0
15.811124,0.031344,1.907822,0.020365,-0.124231,0.986729,0.994727,0
15.839666,0.028542,1.907631,0.022305,-0.123266,0.987216,0.995132,0
15.874805,0.035139,1.907431,0.02085,-0.123749,0.986729,0.994677,0
15.906626,0.031821,1.907202,0.021093,-0.06296,0.985997,0.988231,0
15.935064,0.028438,1.907273,0.021093,-0.124231,0.98551,0.993533,0
15.970516,0.035452,1.907428,0.021578,-0.123749,0.986729,0.994692,0
16.002143,0.031627,1.907593,0.020365,-0.124231,0.986241,0.994243,0
16.030056,0.027913,1.907857,0.021578,-0.123508,0.986972,0.994904,0
16.058025,0.02797,1.908067,0.02085,-0.124955,0.986729,0.994827,0
16.089737,0.031712,1.90814,0.021093,-0.062478,0.986241,0.988443,0
16.11776,0.028023,1.908364,0.019881,-0.123749,0.98551,0.993448,0
16.153082,0.035322,1.908499,0.019153,-0.125196,0.986972,0.995065,0
16.188147,0.035064,1.908467,0.021093,-0.124231,0.985023,0.99305,0
16.223271,0.035125,1.90859,0.021093,-0.124231,0.986485,0.9945,0
16.254863,0.031592,1.908798,0.02085,-0.123749,0.985266,0.993226,0
16.282918,0.028055,1.908921,0.020608,-0.124231,0.984292,0.992314,0
16.310896,0.027979,1.908888,0.020608,-0.124231,0.986485,0.99449,0
16.342439,0.031543,1.90881,0.019638,-0.124473,0.986241,0.994259,0
16.370496,0.028057,1.908736,0.02085,-0.124473,0.98551,0.993558,0
16.405631,0.035135,1.908634,0.021093,-0.124473,0.984779,0.992838,0
16.44076,0.035129,1.908481,0.020608,-0.124714,0.985754,0.993825,0
16.472284,0.031524,1.908389,0.019881,-0.123266,0.985023,0.992905,0
16.504966,0.032681,1.908448,0.022063,-0.123749,0.984048,0.992044,0
16.535375,0.030409,1.90869,0.020365,-0.123025,0.984048,0.991917,0
16.563454,0.028079,1.908845,0.020608,-0.123749,0.984779,0.992738,0
16.594791,0.031337,1.90899,0.022547,-0.123749,0.985266,0.993263,0
16.62274,0.027949,1.909031,0.020123,-0.123508,0.984535,0.992456,0
16.657541,0.034801,1.909092,0.02085,-0.124473,0.984292,0.99235,0
16.685108,0.027568,1.909388,0.021335,-0.123508,0.984048,0.991998,0
16.717021,0.031912,1.909625,0.02085,-0.124231,0.985266,0.993286,0
16.752182,0.035161,1.909768,0.020608,-0.124473,0.985754,0.993795,0
16.780156,0.027975,1.909878,0.020365,-0.122784,0.984292,0.992129,0
16.811701,0.031545,1.909952,0.022547,-0.124473,0.985023,0.993112,0
16.839921,0.02822,1.909948,0.021093,-0.123025,0.983804,0.991691,0
16.86837,0.028449,1.910132,0.020608,-0.12399,0.985754,0.993735,0
16.899861,0.031491,1.910588,0.022063,-0.18502,0.984779,1.002252,0
16.934901,0.03504,1.91082,0.020365,-0.12399,0.984292,0.992279,0
16.96295,0.028049,1.911077,0.021093,-0.124473,0.983804,0.991871,0
16.994477,0.031527,1.911208,0.020608,-0.123508,0.983317,0.991257,0
17.022593,0.028116,1.91103,0.02085,-0.124473,0.983804,0.991866,0
17.050585,0.027992,1.9109,0.020608,-0.123749,0.985023,0.992979,0
17.082184,0.031599,1.910567,0.021578,-0.062236,0.983804,0.986007,0
17.110209,0.028026,1.910401,0.020608,-0.12399,0.984535,0.992526,0
17.147349,0.037139,1.910131,0.021578,-0.12399,0.984048,0.992063,0
17.171539,0.02419,1.910074,0.02085,-0.123025,0.984292,0.992169,0
17.203038,0.031499,1.910061,0.022063,-0.062478,0.984779,0.987006,0
17.230886,0.027848,1.909839,0.021093,-0.124714,0.983317,0.991418,0
17.258569,0.027683,1.909653,0.02182,-0.122784,0.983561,0.991435,0
17.290107,0.031538,1.90944,0.019881,-0.123749,0.985023,0.992965,0
17.318127,0.02802,1.909514,0.022063,-0.124955,0.984048,0.992195,0
17.346174,0.028047,1.909786,0.021335,-0.124231,0.984779,0.992813,0
17.377684,0.03151,1.910079,0.02085,-0.123749,0.985023,0.992984,0
17.405797,0.028113,1.910287,0.02182,-0.123508,0.983561,0.991525,0
17.440894,0.035097,1.910503,0.021335,-0.124473,0.984292,0.99236,0
17.476107,0.035213,1.910567,0.021093,-0.122784,0.983561,0.991419,0
17.511272,0.035165,1.910502,0.020608,-0.123749,0.985023,0.992979,0
17.545701,0.034429,1.910581,0.020608,-0.124473,0.983804,0.991861,0
17.577336,0.031635,1.910565,0.021578,-0.062236,0.981855,0.984062,0
17.606662,0.029326,1.910825,0.022305,-0.123025,0.986241,0.994135,0
17.643331,0.036669,1.911078,0.021335,-0.123508,0.979418,0.987405,0
17.671005,0.027674,1.911302,0.02085,-0.124473,0.985023,0.993075,0
17.706138,0.035133,1.911194,0.02085,-0.062719,0.979418,0.981645,0
17.738527,0.032389,1.911432,0.020123,-0.124714,0.986729,0.994782,0
17.770204,0.031677,1.911838,0.019396,-0.124231,0.977224,0.98528,0
17.802289,0.032085,1.912566,0.022063,-0.127126,0.993796,1.002137,0
17.830606,0.028317,1.913234,0.023032,-0.061754,0.975518,0.977742,0
17.868854,0.038248,1.913792,0.019881,-0.121095,0.985997,0.993605,0
17.904675,0.035821,1.914702,0.017699,-0.126644,0.975762,0.984106,0
17.929305,0.024629,1.915223,0.02085,-0.120372,0.988678,0.996197,0
17.971598,0.042294,1.915748,0.02279,-0.117236,0.985997,0.993204,0
17.996595,0.024997,1.916061,0.021578,-0.124955,0.990628,0.99871,0
18.023886,0.027292,1.91622,0.017941,-0.124473,0.982829,0.990843,0
18.055432,0.031546,1.91645,0.020365,-0.125196,0.988434,0.99654,0
18.087308,0.031876,1.916543,0.02279,-0.121819,0.984535,0.992305,0
18.112709,0.025401,1.91653,0.023032,-0.12592,0.987216,0.995481,0
18.1452,0.032491,1.916773,0.020123,-0.122784,0.984779,0.992608,0
18.176413,0.031213,1.917268,0.02085,-0.123025,0.986729,0.994587,0
18.214376,0.037963,1.917728,0.021578,-0.125196,0.983804,0.991973,0
18.240829,0.026452,1.918443,0.019153,-0.125437,0.984779,0.99292,0
18.268733,0.027905,1.918956,0.020123,-0.124473,0.984048,0.992093,0
18.299773,0.031039,1.919347,0.022063,-0.124473,0.985023,0.993101,0
18.326703,0.02693,1.919562,0.021578,-0.123508,0.984535,0.992486,0
18.360521,0.033818,1.919621,0.021093,-0.124231,0.984048,0.992083,0
18.391679,0.031158,1.91959,0.021335,-0.124231,0.984779,0.992813,0
18.427974,0.036294,1.91944,0.020123,-0.123508,0.983561,0.991489,0
18.457662,0.029689,1.919324,0.020608,-0.12399,0.985023,0.99301,0
18.484558,0.026896,1.919222,0.020365,-0.124231,0.984292,0.992309,0
18.513134,0.028576,1.919118,0.019396,-0.123508,0.984779,0.992683,0
18.543771,0.030637,1.919272,0.021093,-0.124714,0.984779,0.992869,0
18.569472,0.025702,1.919585,0.021578,-0.12399,0.985754,0.993755,0
18.597107,0.027635,1.919878,0.021093,-0.124714,0.985997,0.994077,0
18.624285,0.027177,1.920034,0.021335,-0.124473,0.985266,0.993327,0
18.658231,0.033946,1.91998,0.020608,-0.124473,0.984292,0.992345,0
18.684939,0.026708,1.919865,0.021335,-0.123749,0.984779,0.992753,0
18.71192,0.026981,1.91992,0.019638,-0.124714,0.984535,0.992597,0
18.745732,0.033812,1.91953,0.020608,-0.123266,0.985997,0.993886,0
18.772464,0.026731,1.919088,0.021093,-0.123508,0.985266,0.993201,0
18.806126,0.033662,1.918546,0.02182,-0.123025,0.984048,0.991948,0
18.832679,0.026553,1.917995,0.020365,-0.124714,0.98551,0.993579,0
18.859361,0.026682,1.917639,0.021335,-0.124231,0.984535,0.992572,0
18.893097,0.033736,1.917228,0.022305,-0.124473,0.98551,0.99359,0
18.919698,0.026601,1.916692,0.022547,-0.124231,0.985023,0.993082,0
18.946268,0.02657,1.916273,0.020365,-0.124714,0.98551,0.993579,0
18.980182,0.033914,1.915977,0.02085,-0.124714,0.984535,0.992622,0
19.006884,0.026702,1.915952,0.019638,-0.12399,0.984779,0.992748,0
19.033593,0.026709,1.915747,0.019881,-0.124714,0.984292,0.99236,0
19.067475,0.033882,1.915596,0.02182,-0.124231,0.985997,0.994032,0
19.094247,0.026772,1.915397,0.021093,-0.123508,0.984292,0.992234,0
19.128168,0.03392,1.915234,0.021093,-0.124231,0.986485,0.9945,0
19.15541,0.027242,1.91506,0.02085,-0.124231,0.984779,0.992803,0
19.189183,0.033773,1.91499,0.022305,-0.124231,0.984048,0.992109,0
19.215952,0.026769,1.915107,0.020608,-0.123749,0.985266,0.993221,0
19.242669,0.026717,1.915294,0.021335,-0.122302,0.986729,0.994508,0
19.27662,0.033951,1.915178,0.021335,-0.12399,0.984292,0.9923,0
19.303436,0.026816,1.915022,0.02085,-0.123508,0.985023,0.992954,0
19.337183,0.033747,1.91482,0.020608,-0.123749,0.984535,0.992496,0
19.363952,0.026769,1.914718,0.020365,-0.12399,0.983804,0.991796,0
19.397748,0.033797,1.914698,0.021335,-0.12399,0.985023,0.993025,0
19.424662,0.026914,1.914758,0.021093,-0.123508,0.983804,0.991751,0
19.45146,0.026798,1.914798,0.021578,-0.124473,0.982829,0.990915,0
19.485089,0.033628,1.914754,0.020608,-0.123508,0.983561,0.991499,0
19.515656,0.030568,1.914735,0.020608,-0.122784,0.98551,0.993343,0
19.543373,0.027716,1.914703,0.020608,-0.124714,0.985997,0.994067,0
19.570413,0.02704,1.914701,0.022063,-0.124231,0.985023,0.993071,0
19.597214,0.026802,1.914745,0.020608,-0.124714,0.985266,0.993342,0
19.631383,0.034169,1.914776,0.019881,-0.124231,0.984048,0.992058,0
19.658107,0.026724,1.91466,0.020608,-0.125196,0.98551,0.993644,0
19.692646,0.034539,1.914522,0.02085,-0.12399,0.986485,0.994465,0
19.726441,0.033795,1.914502,0.022305,-0.124714,0.98551,0.99362,0
19.753356,0.026915,1.914428,0.021093,-0.124955,0.983804,0.991932,0
19.787039,0.033683,1.914313,0.022063,-0.125196,0.984779,0.99295,0
19.813829,0.02679,1.914319,0.021335,-0.124231,0.985754,0.99378,0
19.840717,0.026887,1.914377,0.021335,-0.12399,0.983561,0.991575,0
19.874674,0.033957,1.914433,0.020365,-0.124955,0.984292,0.9924,0
19.901528,0.026855,1.914434,0.021335,-0.125196,0.984535,0.992693,0
19.935391,0.033863,1.91417,0.02085,-0.063684,0.984048,0.986327,0
19.962047,0.026656,1.914112,0.019396,-0.119648,0.971376,0.978909,0
19.988808,0.02676,1.914072,0.023517,-0.134604,0.994039,1.003387,0
20.022621,0.033813,1.913898,0.018911,-0.1141,0.956754,0.963719,0
20.049266,0.026645,1.913871,0.02376,-0.132674,0.999888,1.008932,0
20.083059,0.033793,1.913895,0.021335,-0.124473,0.978443,0.986559,0
20.111817,0.028758,1.914385,0.024245,-0.127126,0.98088,0.989381,0
20.13927,0.027453,1.914783,0.02376,-0.127126,0.984292,0.992751,0
20.171099,0.031829,1.915141,0.021578,-0.181402,0.985023,1.001819,0
20.199498,0.0284,1.915184,0.021093,-0.128332,0.985266,0.993813,0
20.232996,0.033498,1.915243,0.020365,-0.12592,0.985754,0.993972,0
20.265774,0.032778,1.915204,0.02085,-0.125679,0.987216,0.995402,0
20.293901,0.028127,1.915085,0.02182,-0.123749,0.986241,0.994214,0
20.321974,0.028073,1.915145,0.019881,-0.123749,0.983317,0.991272,0
20.353425,0.031451,1.91544,0.020608,-0.123749,0.984779,0.992738,0
20.381239,0.027814,1.915783,0.02182,-0.124473,0.983317,0.991404,0
20.40936,0.028121,1.916184,0.021093,-0.124231,0.986729,0.994742,0
20.446446,0.037086,1.916536,0.02182,-0.125437,0.984535,0.992734,0
20.480582,0.034136,1.916732,0.021578,-0.124473,0.985754,0.993816,0
20.51219,0.031608,1.916808,0.020365,-0.123749,0.982586,0.990557,0
20.547896,0.035707,1.916944,0.020123,-0.125679,0.986241,0.99442,0
20.58074,0.032844,1.917211,0.022547,-0.124714,0.984535,0.992659,0
20.611352,0.030612,1.91749,0.021335,-0.124473,0.985023,0.993085,0
20.646989,0.035637,1.91761,0.021578,-0.12399,0.986972,0.994964,0
20.67783,0.030841,1.91781,0.02182,-0.125437,0.986241,0.994426,0
20.710901,0.033071,1.918135,0.022305,-0.124473,0.983561,0.991656,0
20.736645,0.025745,1.918394,0.021335,-0.125196,0.985997,0.994143,0
20.763911,0.027266,1.918576,0.021093,-0.123749,0.985997,0.993957,0
20.792292,0.02838,1.91871,0.022063,-0.125437,0.985997,0.994189,0
20.824759,0.032467,1.918819,0.02182,-0.123749,0.985754,0.99373,0
20.859676,0.034918,1.918974,0.02182,-0.123508,0.98746,0.995393,0
20.898924,0.039248,1.919215,0.022063,-0.123749,0.98551,0.993494,0
20.930186,0.031262,1.919351,0.021578,-0.125437,0.986972,0.995145,0
20.966912,0.036726,1.919604,0.021578,-0.12399,0.984048,0.992063,0
20.993042,0.02613,1.919848,0.021093,-0.124473,0.985266,0.993322,0
21.025311,0.032269,1.920048,0.021335,-0.124231,0.987216,0.995231,0
21.064711,0.039401,1.920297,0.021335,-0.125196,0.98551,0.99366,0
21.10153,0.036818,1.920614,0.02085,-0.124473,0.985754,0.9938,0
21.131324,0.029794,1.920859,0.022305,-0.18502,0.985754,1.003215,0
21.162555,0.031231,1.920571,0.02376,-0.063442,0.983561,0.985891,0
21.190129,0.027574,1.920837,0.021335,-0.123749,0.984292,0.99227,0
21.21709,0.026961,1.92113,0.02182,-0.124714,0.987216,0.995301,0
21.245162,0.028071,1.921181,0.021335,-0.123749,0.984535,0.992511,0
21.283772,0.038611,1.920843,0.02182,-0.123508,0.98551,0.993459,0
21.311932,0.028159,1.92046,0.020365,-0.124714,0.985266,0.993337,0
21.340086,0.028154,1.920337,0.020123,-0.124473,0.982829,0.990884,0
21.370769,0.030683,1.920401,0.019881,-0.123508,0.984535,0.992451,0
21.397602,0.026833,1.920544,0.021335,-0.124955,0.984048,0.992179,0
21.424481,0.026879,1.920333,0.022063,-0.125196,0.98551,0.993675,0
21.458221,0.03374,1.919909,0.022063,-0.125437,0.986485,0.994673,0
21.484894,0.026673,1.919422,0.02182,-0.124473,0.985266,0.993337,0
21.519301,0.034407,1.918999,0.02085,-0.124473,0.984779,0.992833,0
21.546346,0.027045,1.918486,0.020123,-0.12399,0.985023,0.993,0
21.581531,0.035185,1.918212,0.022063,-0.12399,0.986485,0.994491,0
21.608624,0.027093,1.918285,0.023517,-0.123749,0.985754,0.993769,0
21.635505,0.026881,1.918339,0.021335,-0.123266,0.985997,0.993902,0
21.669181,0.033676,1.918251,0.021578,-0.125437,0.985266,0.993454,0
21.695889,0.026707,1.917873,0.021578,-0.123749,0.98551,0.993483,0
21.722652,0.026764,1.917706,0.02279,-0.124955,0.985023,0.993178,0
21.756506,0.033854,1.917629,0.021093,-0.124955,0.987216,0.995316,0
21.783115,0.026609,1.917477,0.021335,-0.124714,0.986485,0.994566,0
21.817159,0.034044,1.917208,0.018911,-0.124231,0.984048,0.992039,0
21.843863,0.026703,1.916912,0.019881,-0.124231,0.986729,0.994717,0
21.877724,0.033862,1.916708,0.022547,-0.123508,0.985023,0.992992,0
21.904487,0.026763,1.916408,0.023032,-0.123266,0.985023,0.992973,0
21.931253,0.026766,1.915938,0.021578,-0.12013,0.976737,0.984333,0
21.965296,0.034043,1.915425,0.020123,-0.122543,0.983073,0.990886,0
21.998176,0.032881,1.915166,0.017456,-0.184779,0.982829,1.000201,0
22.024927,0.026751,1.914811,0.019638,-0.123266,0.985023,0.9929,0
22.058716,0.033788,1.914578,0.022547,-0.18502,0.985997,1.00346,0
22.085411,0.026695,1.914095,0.023032,-0.123266,0.992821,1.000709,0
22.119464,0.034054,1.913604,0.021578,-0.064407,0.992334,0.994656,0
22.146282,0.026817,1.913382,0.020365,-0.123749,0.984292,0.992249,0
22.180036,0.033754,1.913266,0.021335,-0.124473,0.985266,0.993327,0
22.206734,0.026698,1.912977,0.024245,-0.063442,0.984779,0.987118,0
22.233359,0.026625,1.912713,0.02182,-0.123266,0.985023,0.992945,0
22.267994,0.034635,1.912419,0.019638,-0.124473,0.986972,0.994984,0
22.299758,0.031764,1.912405,0.020608,-0.124714,0.98551,0.993584,0
22.331093,0.031335,1.912522,0.020608,-0.125679,0.98746,0.995639,0
22.365304,0.034211,1.912457,0.020123,-0.12399,0.984048,0.992033,0
22.392144,0.026839,1.912563,0.021093,-0.12399,0.985023,0.99302,0
22.426049,0.033905,1.912716,0.021335,-0.124473,0.985754,0.99381,0
22.452803,0.026754,1.912665,0.021578,-0.123508,0.985023,0.99297,0
22.479513,0.02671,1.912442,0.022305,-0.124231,0.985266,0.993318,0
22.513431,0.033918,1.912277,0.021093,-0.124473,0.98551,0.993563,0
22.540444,0.027013,1.912226,0.021093,-0.124714,0.984048,0.992143,0
22.574957,0.034513,1.912189,0.020123,-0.122784,0.986972,0.994784,0
22.605912,0.030956,1.912127,0.02279,-0.128332,0.986241,0.994817,0
22.632797,0.026885,1.911992,0.020123,-0.125437,0.987216,0.995357,0
22.659608,0.026811,1.911934,0.020608,-0.125196,0.98551,0.993644,0
22.693825,0.034216,1.911653,0.02182,-0.063925,0.985997,0.988308,0
22.721713,0.027889,1.911494,0.02182,-0.124231,0.985023,0.993066,0
22.749716,0.028003,1.911553,0.021578,-0.125679,0.987947,0.996143,0
22.781419,0.031703,1.911694,0.021093,-0.125196,0.983804,0.991963,0
22.809268,0.027849,1.911663,0.022305,-0.126161,0.987216,0.995495,0
22.83727,0.028002,1.911523,0.023032,-0.124955,0.984535,0.9927,0
22.869099,0.031829,1.911328,0.021335,-0.124473,0.986729,0.994777,0
22.897198,0.028099,1.911259,0.022063,-0.125679,0.986729,0.994945,0
22.928558,0.03136,1.911374,0.02085,-0.124714,0.986729,0.994797,0
22.956402,0.027843,1.911529,0.02182,-0.124955,0.986729,0.994848,0
22.984367,0.027965,1.911677,0.020365,-0.126402,0.987216,0.995484,0
23.015707,0.03134,1.911828,0.021093,-0.124714,0.986485,0.994561,0
23.043768,0.028062,1.911965,0.023517,-0.124231,0.988191,0.996247,0
23.071653,0.027885,1.912028,0.023032,-0.124231,0.986241,0.994302,0
23.103004,0.031351,1.912019,0.02182,-0.124714,0.985997,0.994093,0
23.130933,0.027929,1.911951,0.020608,-0.125437,0.985997,0.994158,0
23.158823,0.027891,1.911773,0.019881,-0.124231,0.985997,0.993992,0
23.190375,0.031552,1.91165,0.022547,-0.124231,0.984779,0.99284,0
23.218198,0.027822,1.911579,0.02182,-0.125679,0.987216,0.995423,0
23.253164,0.034966,1.911614,0.02085,-0.124231,0.985997,0.994012,0
23.285014,0.03185,1.911673,0.02182,-0.124473,0.985997,0.994063,0
23.31277,0.027756,1.911758,0.021093,-0.12399,0.985754,0.993745,0
23.34068,0.02791,1.911833,0.02279,-0.12399,0.986241,0.994266,0
23.372084,0.031404,1.911932,0.021578,-0.125196,0.986729,0.994873,0
23.400109,0.028025,1.912063,0.020608,-0.126644,0.986241,0.994553,0
23.435058,0.034949,1.912572,0.020123,-0.12592,0.987216,0.995418,0
23.463495,0.028437,1.912945,0.020123,-0.125679,0.984292,0.992487,0
23.495485,0.03199,1.913509,0.020365,-0.126402,0.987947,0.996209,0
23.523859,0.028374,1.913652,0.021578,-0.124714,0.98551,0.993604,0
23.560331,0.036472,1.91371,0.022547,-0.120854,0.98088,0.988554,0
23.58692,0.026589,1.913609,0.023032,-0.123749,0.984779,0.992791,0
23.61124,0.02432,1.913611,0.02182,-0.124955,0.985997,0.994123,0
23.64229,0.03105,1.913457,0.019881,-0.125437,0.988434,0.99656,0
23.66973,0.02744,1.913106,0.02085,-0.125679,0.985997,0.994194,0
23.697373,0.027643,1.91271,0.021578,-0.124231,0.984779,0.992819,0
23.734255,0.036882,1.912612,0.020365,-0.12206,0.987703,0.995425,0
23.758988,0.024733,1.912468,0.019153,-0.12013,0.976493,0.984041,0
23.799244,0.040256,1.912241,0.021093,-0.120854,0.989165,0.996744,0
23.828818,0.029574,1.912034,0.023275,-0.062478,0.985023,0.987276,0
23.866464,0.037646,1.911993,0.021335,-0.123025,0.985023,0.992905,0
23.894751,0.028287,1.912117,0.021335,-0.12399,0.986972,0.994959,0
23.921774,0.027024,1.912376,0.020608,-0.123749,0.985997,0.993946,0
23.955549,0.033774,1.91276,0.020608,-0.124473,0.985997,0.994037,0
23.982479,0.026931,1.913124,0.020365,-0.123749,0.985997,0.993941,0
24.016484,0.034005,1.913545,0.020365,-0.126402,0.983561,0.991859,0
24.044786,0.028302,1.914157,0.024245,-0.124955,0.983804,0.992004,0
24.071493,0.026706,1.914363,0.021093,-0.123266,0.981124,0.989062,0
24.105348,0.033855,1.914544,0.019638,-0.126402,0.98746,0.995711,0
24.133126,0.027779,1.914924,0.021335,-0.12785,0.980392,0.988924,0
24.163687,0.030561,1.915211,0.02376,-0.122543,0.98551,0.993384,0
24.190411,0.026723,1.915588,0.021093,-0.18502,0.982586,1.000076,0
24.217064,0.026653,1.915925,0.020123,-0.131227,0.990628,0.999484,0
24.254629,0.037565,1.91639,0.020365,-0.124231,0.983561,0.991584,0
24.287873,0.033244,1.916799,0.023032,-0.121578,0.983317,0.991072,0
24.334422,0.046549,1.917355,0.021335,-0.126402,0.988922,0.997196,0
24.367385,0.032963,1.917945,0.022305,-0.123749,0.985023,0.993016,0
24.401831,0.034446,1.918669,0.02182,-0.131227,0.994283,1.003143,0
24.434619,0.032788,1.919597,0.024245,-0.124473,0.992577,1.000645,0
24.459816,0.025197,1.920698,0.024245,-0.18309,0.981367,0.998595,0
24.487078,0.027262,1.92117,0.018426,-0.124714,0.998426,1.006354,0
24.521803,0.034725,1.921542,0.018911,-0.125196,0.982098,0.990227,0
24.555568,0.033766,1.921632,0.020365,-0.119648,0.989897,0.997309,0
24.589823,0.034254,1.921553,0.024729,-0.122302,0.983561,0.991444,0
24.618106,0.028283,1.921679,0.02376,-0.129056,0.977224,0.985996,0
24.647099,0.028993,1.921586,0.02085,-0.125437,0.988434,0.99658,0
24.678684,0.031586,1.921601,0.019153,-0.127609,0.989165,0.997547,0
24.71304,0.034355,1.921489,0.017941,-0.062478,0.98088,0.983031,0
24.739876,0.026836,1.921646,0.019881,-0.12013,0.971376,0.978978,0
24.771191,0.031314,1.92196,0.024972,-0.12206,0.985023,0.992871,0
24.799179,0.027989,1.922136,0.024729,-0.063442,0.981124,0.983484,0
24.828552,0.029372,1.922525,0.018911,-0.130262,0.979174,0.987981,0
24.860188,0.031636,1.923065,0.019153,-0.184297,0.985023,1.002298,0
24.887935,0.027747,1.923222,0.017214,-0.121578,0.99014,0.997725,0
24.914786,0.026851,1.923247,0.018911,-0.112894,0.984535,0.991167,0
24.944239,0.029453,1.923006,0.024002,-0.12206,0.984048,0.99188,0
24.973919,0.02968,1.922763,0.024729,-0.064649,0.978443,0.980888,0
25.001328,0.027409,1.922712,0.020608,-0.127609,0.991359,0.99975,0
25.036815,0.035486,1.922343,0.017214,-0.118924,0.984535,0.991841,0
25.063688,0.026873,1.922231,0.022547,-0.123025,0.98551,0.993415,0
25.09782,0.034132,1.922112,0.022063,-0.119648,0.979905,0.987429,0
25.124515,0.026695,1.921994,0.020365,-0.068749,0.986729,0.98933,0
25.156986,0.032471,1.922038,0.020365,-0.123266,0.986972,0.994849,0
25.191088,0.034102,1.921883,0.022547,-0.062236,0.977955,0.980193,0
25.216732,0.025644,1.921754,0.024972,-0.129056,0.993552,1.00221,0
25.248949,0.032217,1.921662,0.020608,-0.127609,0.98551,0.993951,0
25.272565,0.023616,1.921829,0.022063,-0.119407,0.972594,0.980145,0
25.306207,0.033643,1.922264,0.026427,-0.127126,1.0033,1.011667,0
25.344819,0.038612,1.922405,0.024972,-0.120854,0.954317,0.962263,0
25.374661,0.029841,1.922325,0.019638,-0.131227,1.005006,1.013727,0
25.409723,0.035062,1.922441,0.014304,-0.129538,0.95846,0.96728,0
25.439018,0.029294,1.922869,0.022063,-0.18502,1.015972,1.032918,0
25.471199,0.032182,1.923147,0.023032,-0.120613,0.955535,0.963393,0
25.499662,0.028463,1.923111,0.024002,-0.1141,1.00135,1.008116,0
25.531511,0.031849,1.922966,0.017456,-0.126402,0.955292,0.963776,0
25.565884,0.034373,1.9229,0.017456,-0.138222,1.01256,1.0221,0
25.592696,0.026812,1.922822,0.022547,-0.121095,1.005006,1.012526,0
25.621593,0.028897,1.9228,0.022305,-0.176336,0.967964,0.984147,0
25.65593,0.034337,1.922769,0.019396,-0.122302,0.997451,1.005108,0
25.68791,0.03198,1.922813,0.013577,-0.123749,0.969913,0.97787,0
25.714435,0.026525,1.923081,0.026184,-0.130021,1.020846,1.029426,0
25.75082,0.036385,1.92332,0.02085,-0.118442,0.959435,0.966943,0
25.782695,0.031875,1.923677,0.025457,-0.133398,1.035468,1.044336,0
25.810644,0.02795,1.923935,0.016244,-0.121819,0.962115,0.969933,0
25.847742,0.037098,1.924263,0.022547,-0.13388,1.060081,1.06874,0
25.882707,0.034964,1.924461,0.019396,-0.113617,0.927267,0.934403,0
25.917379,0.034672,1.924702,0.024487,-0.130021,1.018653,1.027209,0
25.948502,0.031124,1.924699,0.019638,-0.066337,0.953342,0.955849,0
25.975456,0.026953,1.925245,0.028609,-0.13967,1.05472,1.064312,0
26.005365,0.02991,1.925416,0.026427,-0.12206,1.01451,1.022168,0
26.029485,0.024119,1.925443,0.021335,-0.110723,0.952367,0.959019,0
26.063293,0.033808,1.925419,0.020608,-0.135569,1.017678,1.026875,0
26.089979,0.026686,1.925328,0.010183,-0.109999,0.99672,1.002823,0
26.117824,0.027845,1.925588,0.032003,-0.125196,1.002081,1.010379,0
26.150393,0.032569,1.925777,0.020608,-0.119889,0.939208,0.947053,0
26.182547,0.032154,1.926138,0.021093,-0.184055,1.006712,1.023616,0
26.209822,0.027275,1.926242,0.016244,-0.12785,0.937989,0.946802,0
26.244132,0.03431,1.926246,0.023275,-0.068508,0.993796,0.996426,0
26.272853,0.028721,1.926195,0.031033,-0.129538,0.937745,0.947159,0
26.307173,0.03432,1.925742,0.025214,-0.117236,0.984779,0.992053,0
26.334034,0.026862,1.925072,0.023032,-0.130262,0.967476,0.976478,0
26.368145,0.03411,1.924454,0.017699,-0.122302,0.965283,0.973161,0
26.403473,0.035328,1.923844,0.024002,-0.128091,0.988434,0.996988,0
26.435798,0.032325,1.923273,0.019153,-0.120854,0.972838,0.980503,0
26.463887,0.028089,1.922769,0.021335,-0.128815,1.005981,1.014419,0
26.491558,0.027671,1.922674,0.015759,-0.124955,0.96967,0.977815,0
26.522553,0.030995,1.922888,0.022547,-0.125437,0.998426,1.006527,0
26.552049,0.029496,1.923046,0.018911,-0.124231,0.976981,0.985029,0
26.583393,0.031344,1.923183,0.019638,-0.124714,0.993308,1.0013,0
26.61048,0.027087,1.923142,0.016486,-0.125437,0.981367,0.989489,0
26.649029,0.038549,1.922922,0.022063,-0.124231,0.987947,0.995972,0
26.673448,0.02442,1.922944,0.024002,-0.126885,0.991359,0.999734,0
26.7042,0.030751,1.922854,0.023032,-0.123749,0.987947,0.995934,0
26.731013,0.026814,1.922655,0.025214,-0.122543,0.983561,0.991486,0
26.75771,0.026697,1.922448,0.014062,-0.162586,0.993796,1.007106,0
26.78446,0.026749,1.922053,0.021578,-0.105416,0.983561,0.989429,0
26.818253,0.033793,1.922046,0.024245,-0.18502,0.985997,1.003499,0
26.844878,0.026625,1.921819,0.018668,-0.11603,0.983317,0.990315,0
26.879951,0.035073,1.921772,0.018183,-0.128573,0.986972,0.995478,0
26.915093,0.035142,1.921638,0.021578,-0.12592,0.984779,0.993031,0
26.942496,0.027402,1.92179,0.022547,-0.12592,0.983804,0.992086,0
26.969818,0.027322,1.92192,0.020608,-0.124231,0.986485,0.99449,0
27.001919,0.032101,1.921955,0.020608,-0.12399,0.985266,0.993251,0
27.037838,0.03592,1.92204,0.02182,-0.123749,0.985997,0.993972,0
27.072334,0.034496,1.922255,0.021335,-0.124231,0.984048,0.992088,0
27.108878,0.036544,1.922495,0.02182,-0.124231,0.98551,0.993549,0
27.143225,0.034346,1.922667,0.020608,-0.123508,0.986241,0.994158,0
27.177066,0.033842,1.92287,0.021093,-0.12592,0.985754,0.993987,0
27.213054,0.035988,1.922929,0.019396,-0.123749,0.986241,0.994164,0
27.244508,0.031454,1.923035,0.02085,-0.124473,0.984779,0.992833,0
27.272338,0.02783,1.923305,0.022305,-0.123508,0.986485,0.994437,0
27.300159,0.027821,1.923387,0.021335,-0.123508,0.985997,0.993932,0
27.331119,0.03096,1.923466,0.021578,-0.184297,0.986241,1.003545,0
27.358883,0.027765,1.923269,0.020365,-0.124714,0.984292,0.99237,0
27.386769,0.027886,1.923078,0.020365,-0.124714,0.98551,0.993579,0
27.421375,0.034606,1.922764,0.019638,-0.124231,0.987703,0.995679,0
27.446345,0.02497,1.922419,0.023517,-0.124714,0.98746,0.995582,0
27.474449,0.028104,1.922109,0.02085,-0.124714,0.986241,0.994314,0
27.508758,0.03431,1.921976,0.023032,-0.124955,0.986241,0.994392,0
27.541477,0.032719,1.921926,0.02182,-0.123749,0.984535,0.992522,0
27.571375,0.029898,1.921839,0.021335,-0.124714,0.986485,0.994566,0
27.5959,0.024525,1.921794,0.021335,-0.124231,0.98551,0.993538,0
27.629828,0.033928,1.921788,0.019881,-0.125196,0.985754,0.993871,0
27.66645,0.036622,1.921867,0.021578,-0.124473,0.984535,0.992607,0
27.698871,0.032421,1.921876,0.02182,-0.125196,0.984779,0.992945,0
27.72514,0.026269,1.921562,0.021578,-0.124231,0.98551,0.993544,0
27.76044,0.0353,1.921278,0.02085,-0.124473,0.986241,0.994284,0
27.795709,0.035269,1.921087,0.020365,-0.124955,0.984535,0.992642,0
27.830132,0.034423,1.921021,0.021093,-0.123025,0.985997,0.993867,0
27.857397,0.027265,1.921011,0.020365,-0.123749,0.986241,0.994183,0
27.890773,0.033376,1.921149,0.020608,-0.124955,0.98551,0.993614,0
27.927001,0.036228,1.921359,0.021093,-0.124231,0.986729,0.994742,0
27.961299,0.034298,1.921664,0.020608,-0.124714,0.989409,0.997451,0
27.988734,0.027435,1.921811,0.026911,-0.062478,0.984292,0.98664,0
28.019933,0.031199,1.922374,0.022305,-0.184779,0.984535,1.001973,0
28.05818,0.038247,1.922369,0.021335,-0.124231,0.985266,0.993297,0
28.091828,0.033648,1.922193,0.022305,-0.125679,0.98551,0.993742,0
28.127086,0.035259,1.92192,0.02085,-0.123508,0.985997,0.993921,0
28.159826,0.03274,1.921897,0.020608,-0.125196,0.985754,0.993886,0
28.188997,0.029171,1.922084,0.021578,-0.124473,0.984535,0.992607,0
28.223635,0.034638,1.922661,0.02085,-0.18502,0.986241,1.003663,0
28.2561,0.032465,1.922869,0.023032,-0.114341,0.963334,0.970369,0
28.290282,0.034182,1.923147,0.027396,-0.113617,0.984779,0.99169,0
28.324831,0.034549,1.923368,0.029578,-0.123025,0.979905,0.98804,0
28.355913,0.031082,1.9234,0.022063,-0.123508,0.989165,0.99709,0
28.387385,0.031472,1.922912,0.022063,-0.125437,1.011098,1.019088,0
28.422294,0.034909,1.922754,0.01285,-0.100109,0.976737,0.981938,0
28.456165,0.033871,1.922885,0.019881,-0.152937,0.984048,0.99606,0
28.488952,0.032787,1.922972,0.005091,-0.161621,0.992577,1.005662,0
28.516017,0.027065,1.923124,0.012365,-0.13388,0.97625,0.985464,0
28.543532,0.027515,1.923513,0.02279,-0.124955,0.986729,0.99487,0
28.570814,0.027282,1.923689,0.022305,-0.122543,0.984048,0.991899,0
28.601625,0.030811,1.924139,0.021093,-0.184538,0.983804,1.001184,0
28.629048,0.027423,1.924238,0.020365,-0.123508,0.984779,0.992703,0
28.663613,0.034565,1.92428,0.02182,-0.125437,0.985023,0.993217,0
28.688873,0.025259,1.924165,0.022063,-0.124473,0.986972,0.995035,0
28.715132,0.026259,1.924004,0.021335,-0.124231,0.985754,0.99378,0
28.741851,0.026719,1.923858,0.021093,-0.125679,0.987216,0.995407,0
28.777887,0.036036,1.923632,0.02182,-0.123749,0.98746,0.995423,0
28.801111,0.023224,1.92341,0.022063,-0.124473,0.987947,0.996002,0
28.827713,0.026603,1.922941,0.021335,-0.125679,0.984292,0.992512,0
28.854254,0.026541,1.922263,0.02085,-0.124231,0.986485,0.994495,0
28.880869,0.026614,1.921634,0.021578,-0.12399,0.985023,0.99303,0
28.907564,0.026695,1.920429,-0.009627,-0.241708,1.056426,1.083767,0
28.934406,0.026842,1.920051,0.029336,-0.083464,0.991359,0.995298,0
28.960964,0.026558,1.919454,0.010425,-0.090942,0.988678,0.992907,0
28.987571,0.026608,1.91908,0.022063,-0.149319,0.962359,0.974124,0
29.014131,0.026559,1.918711,0.032488,-0.141358,1.031081,1.041233,0
29.047709,0.033578,1.91825,0.02376,-0.130986,0.99014,0.999049,0
29.074306,0.026597,1.917936,0.021093,-0.126885,0.984535,0.992902,0
29.100921,0.026615,1.917465,0.02085,-0.12399,0.990871,0.998817,0
29.134585,0.033664,1.917147,0.020608,-0.12399,0.984535,0.992526,0
29.167724,0.033139,1.916952,0.020608,-0.062719,0.985266,0.987476,0
29.195739,0.028014,1.917263,0.020608,-0.125196,0.986729,0.994853,0
29.222914,0.027175,1.917623,0.021335,-0.12399,0.987216,0.995201,0
29.257822,0.034908,1.917728,0.022547,-0.125196,0.986972,0.995137,0
29.289188,0.031366,1.917825,0.02182,-0.124955,0.986241,0.994365,0
29.31753,0.028343,1.918111,0.022547,-0.125196,0.988922,0.99707,0
29.353907,0.036377,1.918608,0.022305,-0.12399,0.986729,0.994738,0
29.387843,0.033935,1.919105,0.021335,-0.124714,0.986241,0.994324,0
29.42283,0.034987,1.91937,0.020608,-0.124473,0.987216,0.995245,0
29.457028,0.034198,1.919357,0.021578,-0.125437,0.986241,0.99442,0
29.489865,0.032837,1.919346,0.020365,-0.124714,0.986241,0.994304,0
29.519246,0.029381,1.919431,0.021335,-0.124473,0.98551,0.993569,0
29.551654,0.032408,1.919622,0.021335,-0.125679,0.987216,0.995412,0
29.580325,0.028671,1.919761,0.023275,-0.124473,0.986485,0.994579,0
29.614147,0.033822,1.919866,0.022063,-0.125196,0.986241,0.994401,0
29.648689,0.034542,1.920168,0.022063,-0.124955,0.986729,0.994854,0
29.678871,0.030182,1.920419,0.022305,-0.124231,0.985997,0.994043,0
29.706885,0.028013,1.92044,0.02279,-0.124714,0.987216,0.995323,0
29.734216,0.027331,1.920515,0.021578,-0.12399,0.98746,0.995447,0
29.768266,0.03405,1.920776,0.020365,-0.125679,0.987703,0.995875,0
29.795181,0.026915,1.920925,0.020608,-0.124231,0.986972,0.994974,0
29.829481,0.0343,1.921077,0.024972,-0.124231,0.989165,0.997249,0
29.863685,0.034204,1.921342,0.024972,-0.183814,0.983804,1.00114,0
29.890907,0.027222,1.921244,0.020608,-0.125437,0.985997,0.994158,0
29.917961,0.027054,1.92106,0.017214,-0.124955,0.984779,0.992824,0
29.94506,0.027099,1.920912,0.018183,-0.124955,0.985266,0.993325,0
29.979574,0.034514,1.920798,0.02182,-0.12399,0.986485,0.994486,0
30.013502,0.033928,1.920657,0.022305,-0.123749,0.986972,0.99495,0
30.04078,0.027277,1.920398,0.021335,-0.124955,0.98551,0.993629,0
30.074583,0.033803,1.920215,0.021093,-0.123749,0.985266,0.993231,0
30.101402,0.026819,1.92043,0.022063,-0.12399,0.985754,0.993766,0
30.135076,0.033674,1.920643,0.022063,-0.12399,0.986972,0.994975,0
30.161731,0.026655,1.920794,0.020365,-0.124955,0.986729,0.994817,0
30.188479,0.026748,1.92078,0.021093,-0.12399,0.987703,0.995679,0
30.222278,0.033798,1.920658,0.020365,-0.125196,0.986485,0.994606,0
30.248986,0.026709,1.920701,0.020123,-0.124231,0.986729,0.994722,0
30.275746,0.026759,1.920915,0.020123,-0.124473,0.986729,0.994752,0
30.309676,0.03393,1.921094,0.022063,-0.12399,0.986241,0.994249,0
30.336357,0.026681,1.921183,0.023275,-0.123508,0.98746,0.995426,0
30.370244,0.033887,1.921216,0.022063,-0.123025,0.986241,0.99413,0
30.397344,0.0271,1.921332,0.019881,-0.124955,0.985997,0.994082,0
30.431458,0.034114,1.921391,0.021335,-0.124231,0.986729,0.994747,0
30.458577,0.027119,1.921116,0.02182,-0.124231,0.987216,0.995241,0
30.4925,0.033923,1.920901,0.020365,-0.124231,0.986241,0.994243,0
30.526936,0.034436,1.920782,0.020123,-0.123025,0.985266,0.993121,0
30.555406,0.02847,1.92116,0.038549,-0.064407,1.000619,1.003431,0
30.586985,0.031579,1.921294,0.031033,-0.138464,0.980392,0.990608,0
30.620826,0.033841,1.92138,0.028609,-0.096732,1.025233,1.030183,0
30.647575,0.026749,1.921144,0.017456,-0.114341,0.974544,0.981384,0
30.684162,0.036586,1.921127,0.02085,-0.118442,0.991359,0.998627,0
30.719042,0.03488,1.921208,0.021335,-0.13388,0.988434,0.997688,0
30.753002,0.03396,1.921148,0.023032,-0.119166,0.985997,0.993439,0
30.77982,0.026818,1.920758,0.021578,-0.126644,0.992821,1.001098,0
30.80663,0.02681,1.920348,0.020608,-0.12399,0.978687,0.986725,0
30.840584,0.033954,1.919854,0.021093,-0.125679,0.990871,0.999033,0
30.867303,0.026719,1.919521,0.021578,-0.124231,0.982098,0.99016,0
30.907267,0.039963,1.919525,0.021578,-0.124473,0.986729,0.994783,0
30.939965,0.032698,1.919806,0.019396,-0.12399,0.983317,0.991293,0
30.971336,0.031371,1.920027,0.021093,-0.124714,0.984048,0.992143,0
30.998115,0.026778,1.920249,0.018668,-0.123508,0.986241,0.99412,0
31.031783,0.033669,1.920284,0.025214,-0.12013,0.990384,0.997962,0
31.073244,0.041461,1.92056,0.025457,-0.067543,0.993552,0.996171,0
31.100816,0.027572,1.920763,0.018668,-0.125437,0.973813,0.982036,0
31.128339,0.027522,1.921255,0.019153,-0.129297,0.989897,0.998489,0
31.16513,0.036792,1.921549,0.023517,-0.121578,0.979418,0.987215,0
31.189314,0.024184,1.921988,0.023032,-0.126161,0.986485,0.994786,0
31.22069,0.031376,1.92246,0.02182,-0.064649,0.985266,0.987626,0
31.248539,0.027849,1.922733,0.019153,-0.124231,0.986241,0.994219,0
31.276227,0.027688,1.923199,0.020608,-0.125196,0.989897,0.997995,0
31.310622,0.034395,1.923647,0.023517,-0.123266,0.986241,0.994193,0
31.34526,0.034639,1.924035,0.022547,-0.123508,0.986729,0.994684,0
31.378288,0.033028,1.924254,0.02279,-0.064166,0.980392,0.982754,0
31.407406,0.029118,1.924683,0.017214,-0.125679,0.979661,0.98784,0
31.444169,0.036762,1.925353,0.019638,-0.127126,0.986485,0.994836,0
31.4689,0.024732,1.925674,0.020608,-0.123025,0.984535,0.992406,0
31.500094,0.031194,1.92587,0.021578,-0.125679,0.984535,0.992759,0
31.528179,0.028085,1.926033,0.02085,-0.124714,0.986729,0.994797,0
31.563252,0.035073,1.92619,0.020608,-0.125679,0.98551,0.993705,0
31.598115,0.034863,1.926355,0.023275,-0.123749,0.986729,0.99473,0
31.632644,0.034529,1.926304,0.022305,-0.123266,0.987216,0.995132,0
31.667616,0.034972,1.926196,0.020608,-0.125196,0.987216,0.995336,0
31.700284,0.032668,1.926052,0.020365,-0.124473,0.984535,0.992581,0
31.728231,0.027946,1.925979,0.020123,-0.125437,0.988191,0.996323,0
31.763317,0.035086,1.926046,0.021578,-0.124473,0.985266,0.993332,0
31.797197,0.03388,1.926083,0.022063,-0.124473,0.986485,0.994551,0
31.823909,0.026712,1.925886,0.020608,-0.124473,0.986729,0.994762,0
31.850608,0.026698,1.925578,0.021578,-0.124473,0.987216,0.995266,0
31.884292,0.033685,1.925169,0.021578,-0.124473,0.986972,0.995024,0
31.910987,0.026694,1.925151,0.02182,-0.124473,0.985997,0.994063,0
31.937741,0.026754,1.925092,0.022305,-0.123508,0.984535,0.992503,0
31.971396,0.033656,1.92486,0.020123,-0.141358,0.990628,1.000865,0
31.997926,0.02653,1.924662,0.01188,-0.078881,0.977224,0.980475,0
32.024473,0.026547,1.924289,0.025457,-0.119166,0.9743,0.98189,0
32.057963,0.033489,1.923746,0.022305,-0.11217,1.021821,1.028201,0
32.084609,0.026646,1.923073,0.015759,-0.114341,1.028157,1.034615,0
32.111303,0.026695,1.92242,0.016486,-0.120854,0.945787,0.95362,0
32.145116,0.033813,1.921909,0.023517,-0.123266,1.02109,1.028772,0
32.171736,0.026621,1.921292,0.020365,-0.120372,0.96967,0.977325,0
32.198493,0.026757,1.920993,0.026669,-0.12785,1.051796,1.059873,0
32.232546,0.034053,1.920649,0.019153,-0.120372,0.983804,0.991326,0
32.25928,0.026735,1.920558,0.023032,-0.121819,0.984292,0.992069,0
32.293055,0.033774,1.920393,0.02085,-0.12399,0.989653,0.997608,0
32.319787,0.026732,1.920321,0.023032,-0.123508,0.983561,0.991552,0
32.346587,0.0268,1.919834,0.021335,-0.124955,0.989653,0.997738,0
32.380182,0.033595,1.919309,0.019638,-0.124714,0.984535,0.992597,0
32.407316,0.027133,1.918787,0.019881,-0.125679,0.986729,0.994899,0
32.441112,0.033797,1.918509,0.018911,-0.124231,0.98746,0.995423,0
32.468179,0.027067,1.918477,0.022547,-0.124714,0.986485,0.994592,0
32.502013,0.033834,1.918509,0.021335,-0.125437,0.988678,0.996832,0
32.52915,0.027137,1.918464,0.02376,-0.123025,0.988434,0.996344,0
32.563427,0.034277,1.91842,0.02085,-0.124714,0.986972,0.995039,0
32.590557,0.02713,1.918353,0.021578,-0.12399,0.986241,0.994239,0
32.624196,0.033639,1.918241,0.02085,-0.124231,0.986729,0.994737,0
32.650911,0.026715,1.91813,0.022547,-0.125679,0.988191,0.996406,0
32.684535,0.033623,1.918073,0.023032,-0.126161,0.99209,1.000345,0
32.713871,0.029336,1.918025,0.023517,-0.123508,0.987216,0.99519,0
32.737651,0.02378,1.917794,0.020123,-0.121095,0.979661,0.987322,0
32.764393,0.026741,1.917858,0.02085,-0.129538,0.988678,0.997346,0
32.798094,0.033702,1.918044,0.019881,-0.124473,0.985754,0.99378,0
32.824677,0.026582,1.918325,0.019638,-0.124231,0.985997,0.993987,0
32.851409,0.026732,1.918648,0.02279,-0.12399,0.98746,0.995475,0
32.88502,0.033611,1.918781,0.020608,-0.12592,0.984779,0.993011,0
32.911709,0.026689,1.918869,0.020365,-0.124714,0.986241,0.994304,0
32.938389,0.02668,1.918975,0.020123,-0.123025,0.985266,0.993121,0
32.972157,0.033768,1.918997,0.02279,-0.124473,0.98746,0.995535,0
32.998831,0.026674,1.9189,0.022547,-0.123266,0.98746,0.995379,0
33.032567,0.033736,1.918692,0.021578,-0.123749,0.984535,0.992517,0
33.059149,0.026582,1.918435,0.020365,-0.124231,0.98551,0.993518,0
33.085917,0.026768,1.918317,0.019153,-0.124231,0.984779,0.992769,0
33.119555,0.033639,1.918321,0.020608,-0.124231,0.986241,0.994248,0
33.146186,0.026631,1.918236,0.019881,-0.124231,0.98746,0.995442,0
33.17281,0.026624,1.918063,0.021093,-0.124231,0.985754,0.993775,0
33.199507,0.026696,1.918341,0.02279,-0.122784,0.986729,0.9946,0
33.233312,0.033806,1.91858,0.02085,-0.124231,0.985023,0.993045,0
33.259966,0.026654,1.918796,0.021093,-0.124473,0.986241,0.994289,0
33.293629,0.033663,1.918764,0.019881,-0.124714,0.985023,0.993085,0
33.32026,0.026632,1.918822,0.022305,-0.124473,0.985754,0.993832,0
33.346901,0.026641,1.918694,0.021093,-0.12399,0.986485,0.99447,0
33.37351,0.026609,1.918505,0.02085,-0.123749,0.986241,0.994193,0
33.407293,0.033783,1.918443,0.02085,-0.124231,0.985997,0.994012,0
33.434004,0.026711,1.918403,0.021578,-0.123025,0.984779,0.992668,0
33.467791,0.033787,1.918427,0.021093,-0.123508,0.98551,0.993443,0
33.494521,0.026731,1.918421,0.021335,-0.123508,0.986485,0.994415,0
33.521445,0.026924,1.918013,0.020608,-0.124231,0.984779,0.992798,0
33.555238,0.033793,1.917973,0.020123,-0.055964,0.947737,0.949601,0
33.5892,0.033962,1.918023,0.017941,-0.200218,1.079821,1.098372,0
33.6152,0.025999,1.918397,0.040246,-0.12785,1.008417,1.017286,0
33.642637,0.027437,1.918836,0.020365,-0.118924,1.043997,1.050946,0
33.669366,0.026729,1.918928,0.009698,-0.107587,0.940182,0.946368,0
33.703132,0.033765,1.919134,0.023275,-0.120613,1.025964,1.033291,0
33.730156,0.027025,1.918913,0.018911,-0.105174,0.944813,0.950837,0
33.762329,0.032172,1.918832,0.03273,-0.206972,1.147812,1.166783,0
33.790325,0.027997,1.919361,0.018426,-0.060789,0.892418,0.894676,0
33.818006,0.027681,1.91959,0.005819,-0.050899,0.993308,0.994629,0
33.848237,0.030231,1.919686,0.019153,-0.124955,1.085669,1.093004,0
33.87516,0.026923,1.919793,0.017456,-0.08853,0.894855,0.899393,0
33.902624,0.027464,1.919778,0.023517,-0.11024,0.986972,0.993388,0
33.934855,0.032232,1.919506,0.015759,-0.226029,1.074459,1.098089,0
33.966779,0.031923,1.920433,0.039034,-0.150525,0.884376,0.897943,0
33.99869,0.031911,1.920462,0.024972,-0.119648,1.051064,1.058147,0
34.026316,0.027626,1.920663,0.024729,-0.173441,1.041073,1.055711,0
34.060255,0.033939,1.920263,0.00897,-0.101556,0.980636,0.985922,0
34.087147,0.026892,1.920252,0.027881,-0.149801,0.986485,0.998183,0
34.122753,0.035607,1.920209,0.015517,-0.304668,1.107602,1.148846,0
34.154759,0.032006,1.920171,0.041701,-0.152214,0.998182,1.010582,0
34.182016,0.027257,1.919694,0.005091,-0.089977,1.035224,1.03914,0
34.208728,0.026712,1.918971,0.00994,-0.109758,1.020115,1.026051,0
34.242569,0.033841,1.918462,0.012607,-0.119889,0.984779,0.99213,0
34.269359,0.02679,1.919202,0.040246,-0.162345,0.842216,0.858664,0
34.302541,0.033182,1.919182,0.036124,-0.087083,0.975762,0.980306,0
34.329648,0.027107,1.919117,0.035882,-0.165481,0.945787,0.960825,0
34.356753,0.027105,1.919313,0.03176,-0.136293,0.94993,0.960183,0
34.390538,0.033784,1.919007,0.01285,-0.12978,0.926535,0.935669,0
34.417273,0.026736,1.919217,0.024972,-0.1457,0.933846,0.945474,0
34.453825,0.036552,1.918818,0.014547,-0.063925,1.111989,1.11392,0
34.485779,0.031954,1.919264,0.038306,-0.158727,0.973569,0.987167,0
34.513805,0.028026,1.919467,0.021335,-0.116995,1.006468,1.01347,0
34.544369,0.030564,1.919263,0.006304,-0.096249,0.94993,0.954815,0
34.571189,0.026819,1.918952,0.016971,-0.075986,1.008174,1.011176,0
34.598604,0.027415,1.918699,-0.001481,-0.001689,1.110283,1.110285,0
34.635431,0.036827,1.919016,0.032003,-0.122784,0.888275,0.897292,0
34.666635,0.031205,1.919329,0.019638,-0.164034,1.016947,1.030278,0
34.693418,0.026782,1.919437,0.014304,-0.141358,0.919956,0.930863,0
34.727264,0.033847,1.919325,0.02182,-0.135087,1.139526,1.147713,0
34.757776,0.030511,1.919968,0.028609,-0.096973,0.88267,0.888442,0
34.790491,0.032715,1.920281,0.036367,-0.145459,1.01646,1.027459,0
34.822973,0.032482,1.92077,0.035155,-0.156073,1.008174,1.020789,0
34.849787,0.026815,1.920987,0.007031,-0.154867,0.898267,0.911546,0
34.876514,0.026727,1.92136,0.026911,-0.158485,1.071048,1.083044,0
34.910499,0.033984,1.921557,0.014789,-0.121095,0.925073,0.933083,0
34.937401,0.026902,1.921673,0.026184,-0.133398,1.046191,1.054986,0
34.975229,0.037827,1.921787,0.015517,-0.110964,0.96967,0.976122,0
35.000266,0.025037,1.921899,0.019638,-0.116271,0.980149,0.987216,0
35.033097,0.032831,1.921817,0.020365,-0.066337,0.962846,0.965344,0
35.069636,0.036539,1.921978,0.021093,-0.124473,1.040342,1.047974,0
35.101557,0.03192,1.922187,0.02376,-0.069232,0.986241,0.988954,0
35.12921,0.027654,1.922665,0.020365,-0.12206,0.976006,0.98382,0
35.157527,0.028317,1.923192,0.025942,-0.127367,0.995258,1.00371,0
35.189016,0.031489,1.923366,0.018911,-0.061995,0.975518,0.977669,0
35.216305,0.027289,1.923703,0.020608,-0.127609,0.995989,1.004342,0
35.243096,0.026791,1.923895,0.016729,-0.124714,0.977468,0.985534,0
35.269803,0.026707,1.924012,0.022547,-0.124714,0.986972,0.995076,0
35.296616,0.026813,1.923919,0.024972,-0.124231,0.989165,0.997249,0
35.330463,0.033848,1.923642,0.02182,-0.124473,0.986729,0.994788,0
35.357197,0.026733,1.923301,0.021335,-0.123749,0.988191,0.996137,0
35.391125,0.033929,1.922935,0.018911,-0.125437,0.986485,0.994608,0
35.418009,0.026883,1.922534,0.022063,-0.125196,0.987703,0.995851,0
35.451796,0.033787,1.922165,0.02279,-0.124955,0.985754,0.993903,0
35.478649,0.026853,1.921864,0.02279,-0.125196,0.988434,0.996592,0
35.505562,0.026913,1.921471,0.019396,-0.122784,0.983073,0.990901,0
35.539418,0.033856,1.921224,0.022063,-0.125679,0.988434,0.996637,0
35.566249,0.026831,1.921031,0.020123,-0.123025,0.983561,0.991429,0
35.600003,0.033753,1.921054,0.020608,-0.126402,0.988191,0.996455,0
35.626732,0.026729,1.92103,0.022063,-0.124473,0.984292,0.992376,0
35.660509,0.033777,1.92084,0.022063,-0.125437,0.989653,0.997815,0
35.687301,0.026792,1.92048,0.022063,-0.123266,0.984779,0.992709,0
35.713962,0.026661,1.920238,0.020365,-0.124955,0.986485,0.994576,0
35.747745,0.033783,1.920111,0.021093,-0.125196,0.984779,0.992929,0
35.775458,0.027713,1.9199,0.021578,-0.124955,0.985754,0.993876,0
35.807178,0.031719,1.919625,0.02182,-0.124473,0.984535,0.992612,0
35.834035,0.026857,1.919429,0.022063,-0.124231,0.986485,0.994521,0
35.860991,0.026957,1.919274,0.019396,-0.126161,0.986972,0.995192,0
35.88775,0.026759,1.919178,0.020608,-0.125437,0.985754,0.993916,0
35.921654,0.033904,1.919001,0.020365,-0.125437,0.985997,0.994153,0
35.948369,0.026715,1.918576,0.02376,-0.12206,0.983561,0.99139,0
35.975164,0.026795,1.91835,0.02279,-0.129297,0.985997,0.9947,0
36.008885,0.033721,1.917929,0.018911,-0.121095,0.983804,0.991409,0
36.035732,0.026846,1.917657,0.022063,-0.128332,0.983073,0.991659,0
36.069582,0.03385,1.91755,0.020608,-0.121819,0.986729,0.994433,0
36.096301,0.026719,1.91733,0.023032,-0.124473,0.983561,0.991673,0
36.123062,0.026761,1.917474,0.023275,-0.126644,0.986729,0.995095,0
36.158322,0.03526,1.917582,0.021335,-0.122543,0.988191,0.995988,0
36.191795,0.033472,1.917674,0.018668,-0.12013,0.986972,0.994432,0
36.224713,0.032918,1.917681,0.019153,-0.129297,0.98551,0.99414,0
36.252941,0.028228,1.917684,0.019881,-0.122784,0.988191,0.995988,0
36.287879,0.034938,1.917964,0.021578,-0.128332,0.983561,0.992132,0
36.321922,0.034043,1.918159,0.019153,-0.123025,0.984048,0.991893,0
36.348807,0.026885,1.9183,0.02085,-0.126161,0.982342,0.99063,0
36.382919,0.034112,1.918261,0.019638,-0.123266,0.982586,0.990482,0
36.41081,0.02789,1.918415,0.020123,-0.125437,0.982829,0.991006,0
36.442903,0.032093,1.918877,0.02085,-0.124714,0.981611,0.989721,0
36.471398,0.028495,1.919516,0.020608,-0.124714,0.982098,0.9902,0
36.512478,0.04108,1.920134,0.020608,-0.124231,0.982342,0.990381,0
36.540587,0.028109,1.920456,0.020608,-0.124955,0.982829,0.990955,0
36.57547,0.034883,1.920525,0.022305,-0.124955,0.981124,0.9893,0
36.612988,0.037518,1.920533,0.021335,-0.124714,0.981855,0.989973,0
36.650216,0.037228,1.920838,0.021335,-0.124714,0.981855,0.989973,0
36.685495,0.035279,1.920999,0.02182,-0.124473,0.981855,0.989954,0
36.71736,0.031864,1.920996,0.022305,-0.124473,0.982586,0.990689,0
36.74934,0.03198,1.921007,0.020123,-0.124473,0.981124,0.989192,0
36.781195,0.031856,1.92103,0.021093,-0.125437,0.981124,0.989335,0
36.813136,0.03194,1.921105,0.020123,-0.125196,0.98088,0.989042,0
36.847985,0.034849,1.92137,0.020365,-0.124473,0.981124,0.989197,0
36.879663,0.031678,1.921738,0.020365,-0.124473,0.981855,0.989923,0
36.912791,0.033129,1.922105,0.021578,-0.125437,0.980392,0.98862,0
36.941201,0.02841,1.922405,0.02085,-0.124231,0.980149,0.98821,0
36.976077,0.034876,1.92261,0.020608,-0.125196,0.980149,0.988327,0
37.030369,0.054291,1.92305,0.02182,-0.124231,0.981124,0.989198,0
37.075376,0.045008,1.923829,0.020365,-0.125437,0.98088,0.989078,0
37.107084,0.031708,1.924559,0.021578,-0.124955,0.981124,0.989284,0
37.142701,0.035617,1.924951,0.020608,-0.125679,0.982586,0.990805,0
37.175605,0.032904,1.925105,0.023032,-0.124955,0.983317,0.991492,0
37.214164,0.038559,1.925108,0.021093,-0.124714,0.982586,0.990693,0
37.244488,0.030324,1.9249,0.02085,-0.125437,0.979418,0.987638,0
37.276878,0.032389,1.924619,0.021093,-0.124955,0.982586,0.990724,0
37.30673,0.029852,1.924453,0.022063,-0.124714,0.981855,0.989989,0
37.344426,0.037697,1.924384,0.020365,-0.124473,0.983317,0.991373,0
37.375599,0.031173,1.924256,0.021335,-0.12399,0.983073,0.991091,0
37.410553,0.034955,1.9241,0.021335,-0.124955,0.979905,0.98807,0
37.451303,0.040749,1.923958,0.021578,-0.125679,0.981124,0.989376,0
37.483389,0.032086,1.923775,0.02085,-0.125196,0.982586,0.990749,0
37.518046,0.034657,1.923555,0.021093,-0.124714,0.980149,0.988276,0
37.550471,0.032425,1.923463,0.021578,-0.125437,0.981367,0.989587,0
37.584815,0.034344,1.923659,0.02085,-0.124473,0.981855,0.989933,0
37.616918,0.032103,1.924077,0.021093,-0.124714,0.982098,0.99021,0
37.643975,0.027056,1.924357,0.021578,-0.125196,0.980149,0.988348,0
37.670778,0.026803,1.924484,0.021578,-0.125437,0.982342,0.990553,0
37.6975,0.026722,1.924478,0.022547,-0.124473,0.983073,0.991178,0
37.724168,0.026669,1.924421,0.021578,-0.124231,0.981855,0.989918,0
37.75803,0.033862,1.924228,0.020608,-0.12399,0.981855,0.989867,0
37.795253,0.037223,1.923999,0.020123,-0.126161,0.982586,0.990856,0
37.828574,0.033321,1.923709,0.021093,-0.126161,0.980636,0.988943,0
37.860175,0.031601,1.923415,0.021335,-0.12592,0.981367,0.989643,0
37.887062,0.026888,1.923211,0.02182,-0.125196,0.982342,0.990528,0
37.921028,0.033965,1.923038,0.02182,-0.125196,0.981367,0.989561,0
37.947763,0.026735,1.922878,0.02182,-0.125196,0.98088,0.989078,0
37.981819,0.034056,1.922673,0.023032,-0.124955,0.982342,0.990525,0
38.009461,0.027642,1.922485,0.021578,-0.123508,0.982586,0.990553,0
38.037474,0.028014,1.922235,0.02085,-0.12399,0.982586,0.990597,0
38.068371,0.030896,1.921926,0.021093,-0.126644,0.984779,0.993113,0
38.095388,0.027017,1.921658,0.021578,-0.125196,0.982586,0.990764,0
38.122169,0.026781,1.921403,0.020123,-0.124473,0.982829,0.990884,0
38.156145,0.033976,1.921153,0.02085,-0.125679,0.981855,0.990085,0
38.184077,0.027932,1.920918,0.021335,-0.126885,0.984048,0.992424,0
