timestamp,dt,heading_rad,accel_x,accel_y,accel_z,accel_norm,gyro_x_rads,gyro_y_rads,gyro_z_rads,step_event,gyro_x_kf,gyro_y_kf,gyro_z_kf,yaw_change_raw,yaw_change_kf
0.000384,0.000384,2.068401,-0.015797,0.09736,0.987216,0.992131,-0.000301,0.024032,0.001127,0,-0.00030024934676475823,0.02397206984460354,0.001124189468100667,4.32768e-07,4.316887557506561e-07
0.146728,0.146344,2.068357,-0.026411,0.10173,0.936527,0.942406,-0.015011,0.007112,-0.020213,0,-0.00766066974028945,0.015536253340542316,-0.009551722556352615,-0.002957618504,-0.0013974055970311164
0.18899,0.042263,2.067212,-0.017525,0.093961,0.996233,1.000807,0.001309,0.019646,-0.024907,0,-0.004654046148061752,0.01691383495926857,-0.014698794111609459,-0.004010263045,-0.0020186207325700667
0.231447,0.042457,2.063954,-0.022956,0.09299,0.99209,0.996703,0.012811,0.016811,-0.04602,0,-0.00023171445354819298,0.01688779704272747,-0.022629648447036743,-0.005964134185000001,-0.002979407716685906
0.273979,0.042532,2.062129,-0.012095,0.093718,0.997939,1.002402,-0.008769,0.012099,-0.044244,0,-0.001977620180696249,0.01590847037732601,-0.02704986184835434,-0.007845919993000001,-0.004129892440820113
0.312108,0.038129,2.060574,-0.017772,0.094932,0.993065,0.99775,-0.015926,0.02281,-0.033347,0,-0.00438286317512393,0.01709856279194355,-0.02813573367893696,-0.009117407756000001,-0.0052026798302643
0.35392,0.041811,2.058263,-0.010367,0.094932,0.988434,0.993037,-0.021099,0.079328,-0.060395,0,-0.006888286676257849,0.026425544172525406,-0.032970771193504333,-0.011642583101000002,-0.00658122074463591
0.399198,0.045278,2.055041,-0.02888,0.094446,1.001838,1.006694,0.003613,0.011785,-0.047798,0,-0.0054888976737856865,0.02447456307709217,-0.03494663164019585,-0.013806780945000001,-0.008163534332040697
0.447839,0.048641,2.052417,-0.031595,0.092261,0.990871,0.995659,0.026765,0.008194,-0.036544,0,-0.0015994214918464422,0.022511301562190056,-0.035139258950948715,-0.015584317649000002,-0.009872743026673793
0.485966,0.038127,2.050511,-0.023203,0.100516,0.97625,0.981685,-0.005786,0.075854,-0.029323,0,-0.002062795450910926,0.028415316715836525,-0.034495510160923004,-0.016702315670000002,-0.011187953342579304
0.527546,0.04158,2.049126,-0.046899,0.096389,0.994283,1.000045,-0.014007,0.073952,-0.038584,0,-0.0032903573010116816,0.033095333725214005,-0.034915704280138016,-0.01830663839,-0.012639748326547443
0.572639,0.045094,2.047086,-0.035051,0.098088,0.995989,1.001421,0.002973,0.027098,-0.037118,0,-0.0026867911219596863,0.03251740336418152,-0.035127926617860794,-0.019980437482000003,-0.014223807049453257
0.614304,0.041664,2.044753,-0.022215,0.098574,0.999401,1.004496,-0.003376,0.015906,-0.050728,0,-0.002749578095972538,0.031004104763269424,-0.03654909133911133,-0.022093968874000003,-0.01574658839100599
0.659833,0.04553,2.041795,-0.03357,0.094446,1.059594,1.064324,0.017702,-0.001779,-0.061587,0,-0.0009758145315572619,0.028160829097032547,-0.03872062638401985,-0.024898024984000004,-0.017509538510270414
0.701481,0.041648,2.039492,-0.035297,0.091533,0.999157,1.003962,0.005582,-0.064952,-0.019697,0,-0.0004310542135499418,0.020425908267498016,-0.03714032471179962,-0.025718365640000004,-0.019056358753867443
0.755747,0.054266,2.038445,-0.044924,0.091776,0.997207,1.002429,-0.043131,-0.043302,-0.022048,0,-0.003846336854621768,0.015328740701079369,-0.03593318909406662,-0.026914822408000003,-0.021006309193246062
0.805031,0.049284,2.038364,-0.046899,0.091776,0.99209,0.997429,-0.04441,-0.023242,-0.008529,0,-0.00698445551097393,0.012344799935817719,-0.033813122659921646,-0.027335165644000004,-0.02267275513041764
0.843064,0.038033,2.038257,-0.032582,0.092018,0.98551,0.990333,-0.00485,0.009063,-0.015272,0,-0.006824100855737925,0.012098249047994614,-0.032420188188552856,-0.027916005620000003,-0.02390579214779287
0.892064,0.049,2.037687,-0.039741,0.094932,1.005981,1.011231,-0.046853,0.011212,-0.025141,0,-0.00975461583584547,0.012033366598188877,-0.03188727796077728,-0.029147914620000003,-0.025468268767870957
0.930399,0.038335,2.036856,-0.043937,0.094689,1.058863,1.063996,0.034114,-0.064652,-0.011205,0,-0.006615346297621727,0.006545707117766142,-0.030407238751649857,-0.029577458295000005,-0.026633930265415454
0.979079,0.04868,2.037696,-0.032582,0.10343,0.995014,1.000906,-0.010212,-0.08533,0.052266,0,-0.0068676043301820755,0.00010183313861489296,-0.024608798325061798,-0.027033149415000006,-0.027831886567879462
1.017197,0.038118,2.041136,-0.047639,0.1078,1.060081,1.066613,-0.066197,-0.049661,0.087424,0,-0.010955643840134144,-0.003327030688524246,-0.01688927784562111,-0.023700721383000008,-0.02847567206079885
1.065907,0.048711,2.044886,-0.051589,0.099545,0.978199,0.984604,-0.066418,0.001011,0.076314,0,-0.014717886224389076,-0.0030327639542520046,-0.010566912591457367,-0.01998339012900001,-0.028990396940041328
1.104043,0.038136,2.04775,-0.062696,0.084977,0.98551,0.991152,-0.032375,-0.002478,0.047822,0,-0.015899209305644035,-0.0029956481885164976,-0.0066604893654584885,-0.018159650337000007,-0.029244401362482454
1.152675,0.048632,2.048553,-0.043443,0.084977,0.998913,1.003462,0.006854,-0.01181,0.011429,0,-0.014395392499864101,-0.0035782107152044773,-0.005464909598231316,-0.017603835209000007,-0.029510170846063638
1.190824,0.038149,2.048646,-0.037025,0.083035,0.990871,0.995034,0.014808,0.028659,0.021526,0,-0.01248593907803297,-0.0014703921042382717,-0.003700118511915207,-0.016782639835000005,-0.029651326667174693
1.232413,0.041589,2.048939,-0.052823,0.089105,1.003544,1.008875,-0.016638,-0.00818,0.026094,0,-0.012754851020872593,-0.0019049460534006357,-0.0017704748315736651,-0.015697416469000004,-0.02972495894494501
1.27861,0.046197,2.048746,-0.044924,0.086677,0.998426,1.003188,0.007577,-0.023469,0.000303,0,-0.011449049226939678,-0.003289884887635708,-0.0016373071121051908,-0.015683418778000006,-0.029800597621602934
1.320551,0.041941,2.048273,-0.044184,0.091776,0.994039,0.999244,-0.003328,-0.012421,-0.009832,0,-0.010931332595646381,-0.003871993627399206,-0.0021597188897430897,-0.016095782690000005,-0.02989117839155765
1.362464,0.041914,2.047493,-0.037519,0.088862,0.997207,1.001862,0.007276,-0.0118,0.002371,0,-0.009778190404176712,-0.004374105483293533,-0.0018727704882621765,-0.015996404596000005,-0.02996967369380267
1.408243,0.045779,2.046675,-0.036285,0.087163,0.993308,0.997785,0.022933,-0.017016,0.000827,0,-0.007718405686318874,-0.005170150194317102,-0.0017027691937983036,-0.015958545363000006,-0.030047624764725563
1.458572,0.050329,2.045807,-0.02888,0.086191,0.997695,1.001827,0.000123,0.03588,0.004735,0,-0.007227156776934862,-0.002598437247797847,-0.0012994552962481976,-0.015720237548000005,-0.03011302505033044
1.502346,0.043773,2.04485,-0.045665,0.08522,0.999644,1.004309,0.00611,0.024875,-0.007573,0,-0.006395368836820126,-0.0008850235026329756,-0.0016907124081626534,-0.016051730477000006,-0.030187032604572943
1.541624,0.039279,2.043479,-0.032089,0.091047,0.99867,1.003325,0.007059,-0.006642,-0.019925,0,-0.0055596064776182175,-0.0012426371686160564,-0.0028233956545591354,-0.016834364552000006,-0.03029793276248837
1.589454,0.04783,2.041493,-0.035051,0.092747,0.995989,1.000912,0.032945,-0.009911,-0.010703,0,-0.003176162950694561,-0.0017792107537388802,-0.0033111448865383863,-0.017346289042000005,-0.0304563048224115
1.643923,0.054469,2.040716,-0.038506,0.093475,0.997695,1.002804,-0.016131,-0.007133,0.018605,0,-0.003975583240389824,-0.0021095837000757456,-0.001958738313987851,-0.016332893297000006,-0.030562995339636103
1.687522,0.043599,2.040835,-0.031348,0.08959,0.99867,1.00317,-0.039285,-0.029791,0.026966,0,-0.006148496642708778,-0.0038130758330225945,-0.00017873290926218033,-0.015157202663000005,-0.030570787915747025
1.730844,0.043322,2.040535,-0.030854,0.09129,0.990628,0.995304,-0.009201,-0.015852,0.000816,0,-0.006335890851914883,-0.004552149213850498,-0.00011766596435336396,-0.015121851911000005,-0.030575885440654742
1.774872,0.044028,2.03968,-0.030361,0.087891,0.991602,0.995953,0.004136,0.010956,0.002738,0,-0.005694392137229443,-0.0036021338310092688,5.726959352614358e-05,-0.015001303247000004,-0.030573363974990973
1.826002,0.05113,2.039703,-0.028633,0.090804,1.002569,1.00708,-0.011805,-0.012198,0.022452,0,-0.0060680159367620945,-0.004127714782953262,0.001426561502739787,-0.013853332487000004,-0.030500423885355888
1.876848,0.050846,2.040229,-0.026411,0.087163,0.993796,0.99796,0.025681,0.001351,0.024936,0,-0.004130006767809391,-0.003793285461142659,0.002861614106222987,-0.012585436631000004,-0.030354922254510874
1.923058,0.046209,2.040084,-0.028139,0.087405,0.991602,0.995845,0.014224,0.02964,0.025552,0,-0.0030112992972135544,-0.0017554708756506443,0.00424463115632534,-0.011404704263000004,-0.030158782093408235
1.966309,0.043251,2.040273,-0.035791,0.088862,0.999157,1.003739,-0.008275,-0.006036,0.040451,0,-0.003331713378429413,-0.002016037004068494,0.0064486004412174225,-0.009655158062000003,-0.02987987367572514
2.00976,0.043452,2.040698,-0.041715,0.083035,0.990384,0.994734,-0.029766,-0.013645,0.024327,0,-0.004938984289765358,-0.0027231071144342422,0.007535651791840792,-0.008598101258000004,-0.029552434534066075
2.05581,0.04605,2.040882,-0.035791,0.07915,0.995258,0.999042,0.018992,0.032585,0.024671,0,-0.0034853965044021606,-0.0005784633103758097,0.008576466701924801,-0.0074620017080000035,-0.029157488242442436
2.103253,0.047442,2.041125,-0.04838,0.088134,1.001107,1.006142,-0.003888,-0.003684,0.003691,0,-0.0035098290536552668,-0.0007669272599741817,0.008279984816908836,-0.007286893286000003,-0.028764669202758646
2.147475,0.044223,2.040397,-0.035791,0.082549,0.991602,0.995676,0.024561,0.00846,-0.030804,0,-0.001807658700272441,-0.00020742107881233096,0.0059099942445755005,-0.008649138578000003,-0.028503311527280785
2.191665,0.04419,2.038585,-0.030854,0.084006,0.995745,0.999759,0.013979,0.020631,-0.008367,0,-0.0008510496118105948,0.001055304892361164,0.00504486495628953,-0.009018876308000003,-0.02828037894486235
2.242161,0.050495,2.037989,-0.035297,0.089105,1.006224,1.010778,0.008285,-0.034489,0.018768,0,-0.0002977827098220587,-0.0010972104500979185,0.005875919479876757,-0.008071186148000002,-0.027983674390725972
2.286627,0.044466,2.038025,-0.042949,0.086434,0.981855,0.986587,0.001608,0.034563,0.00356,0,-0.00018243395606987178,0.0010611473117023706,0.005735747050493956,-0.007912887188000001,-0.02772862866237871
2.338578,0.051952,2.03905,-0.03357,0.099788,1.000376,1.0059,0.011239,0.025458,0.032301,0,0.0005085230804979801,0.0025370721705257893,0.0073428526520729065,-0.006234785636000001,-0.027347152781398217
2.38215,0.043572,2.040251,-0.03826,0.082792,0.990871,0.99506,0.053033,0.108478,0.002898,0,0.003684721188619733,0.008943406865000725,0.007074068766087294,-0.006108513980000002,-0.02703892145712226
2.425491,0.043341,2.040367,-0.054551,0.082307,1.001838,1.006692,0.018111,0.06132,-0.002426,0,0.004556762520223856,0.01210947334766388,0.006499807350337505,-0.0062136592460000015,-0.026757213306751283
2.468566,0.043075,2.040472,-0.037025,0.099302,1.006224,1.01179,0.026381,-0.042323,-0.001285,0,0.005875559523701668,0.008820222690701485,0.006029386539012194,-0.006269010621000002,-0.02649749748158333
2.511729,0.043163,2.040973,-0.043196,0.079879,0.991602,0.995752,-0.017868,0.005633,0.005586,0,0.004441201686859131,0.00862768106162548,0.006002601236104965,-0.006027902103000002,-0.026238407204429333
2.565936,0.054207,2.042032,-0.033076,0.08692,0.983317,0.987705,-0.029965,0.04173,0.021824,0,0.0023632466327399015,0.01062688883394003,0.0069581312127411366,-0.004844888535000001,-0.025861227785780275
2.609521,0.043585,2.042952,-0.047639,0.084249,1.0033,1.007957,0.00177,-0.001558,0.021342,0,0.0023274258710443974,0.009891153313219547,0.007826643995940685,-0.003914697465000001,-0.0255201035072172
2.653325,0.043804,2.043302,-0.036532,0.09129,0.99672,1.001558,0.006458,0.018754,-0.001417,0,0.0025767837651073933,0.010426193475723267,0.007268615998327732,-0.003976767733000001,-0.025201709052026452
2.697023,0.043698,2.042663,-0.048627,0.082792,1.005737,1.01031,-0.040206,0.017164,0.016155,0,-5.503417924046516e-06,0.010832875035703182,0.007804981432855129,-0.003270826543000001,-0.02486064697337355
2.740862,0.04384,2.042444,-0.04912,0.087405,0.995258,1.000295,0.010279,0.008696,-0.024184,0,0.0006151520065031946,0.0107039175927639,0.005874491296708584,-0.0043310531030000005,-0.024603109274925844
2.789129,0.048266,2.040682,-0.060968,0.085463,0.99867,1.004172,-0.055422,-0.0095,-0.013106,0,-0.0027661423664540052,0.009484808892011642,0.0047292038798332214,-0.004963627299,-0.024374849520461813
2.832765,0.043637,2.038993,-0.061462,0.100031,0.999157,1.006031,-0.054218,-0.019286,-0.053463,0,-0.005870378576219082,0.007748984731733799,0.0012183033395558596,-0.00729659223,-0.024321686417633614
2.876209,0.043444,2.03677,-0.035791,0.093232,0.986485,0.991527,-0.025117,-0.008421,4.3e-05,0,-0.007031456101685762,0.0067735095508396626,0.0011474016355350614,-0.007294724138,-0.024271838700979428
2.921251,0.045042,2.037049,-0.033076,0.081093,0.990628,0.994491,-0.007561,0.010363,0.016112,0,-0.007063398603349924,0.006990029476583004,0.0020500740502029657,-0.006569007434,-0.024179499265610187
2.964719,0.043468,2.037361,-0.049614,0.086434,0.991359,0.996356,0.065085,0.011155,0.017289,0,-0.0027117361314594746,0.007241241633892059,0.0029692165553569794,-0.0058174891820000005,-0.02405043336038193
3.008171,0.043452,2.038845,-0.077753,0.067254,0.995014,1.000311,0.03785,0.028863,0.045873,0,-0.00026541948318481445,0.008545270189642906,0.005556784570217133,-0.003824215586000001,-0.023808979957236853
3.051532,0.043361,2.040314,-0.088861,0.050015,0.991359,0.996589,-0.046302,0.083511,0.007608,0,-0.0030417460948228836,0.013066226616501808,0.005680487025529146,-0.003494325098000001,-0.023562668359322882
3.094974,0.043442,2.040186,-0.057019,0.050744,1.041804,1.044596,-0.062921,0.110454,0.003433,0,-0.006652672775089741,0.018939048051834106,0.005544955842196941,-0.003345188712000001,-0.023321784387626162
3.136961,0.041986,2.04144,-0.031595,0.064583,1.008417,1.010977,-0.155881,-0.014401,0.057797,0,-0.015651196241378784,0.01692862994968891,0.008695773780345917,-0.0009185238700000005,-0.02295668362968456
3.180828,0.043867,2.044217,-0.035051,0.094932,1.014997,1.02003,-0.069347,-0.093531,0.032691,0,-0.01888892613351345,0.010268175974488258,0.010142629034817219,0.0005155322269999995,-0.022511756921814233
3.224569,0.043741,2.044937,-0.056032,0.058513,0.999401,1.002679,-0.009526,-0.030953,-0.03033,0,-0.018324386328458786,0.007782735861837864,0.00770232267677784,-0.0008111323030000005,-0.022174849625609293
3.268431,0.043862,2.043044,-0.062943,0.038847,0.982829,0.985609,-0.020495,0.043613,-0.05424,0,-0.01845525950193405,0.009943053126335144,0.0039676278829574585,-0.003190207183,-0.022000821531407012
3.311985,0.043553,2.039002,-0.081703,0.021609,0.984048,0.98767,-0.063476,0.012316,-0.173286,0,-0.021169614046812057,0.010086121037602425,-0.006719209253787994,-0.010737332341000001,-0.02229346325203724
3.36626,0.054275,2.032416,-0.045418,0.05997,0.972594,0.975499,-0.023464,0.01476,-0.064858,0,-0.021307941526174545,0.010367906652390957,-0.010224370285868645,-0.014257500291000001,-0.02284839094930276
3.411047,0.044787,2.039378,-0.060968,0.114113,1.256745,1.263387,-2.269921,-0.595495,0.19476,1,-0.15687252581119537,-0.026158407330513,0.0021337438374757767,-0.0055347841710000015,-0.022752826964053733
3.457273,0.046227,2.055475,-0.062203,-0.109758,0.88462,0.89357,0.687889,-0.061904,0.260123,0,-0.10594457387924194,-0.028313394635915756,0.017687086015939713,0.006489921749999997,-0.02193520603879489
3.516934,0.059661,2.066191,-0.056772,0.135721,1.178762,1.187907,0.155825,-0.060682,0.108934,0,-0.09016362577676773,-0.030264757573604584,0.023187965154647827,0.012989033123999998,-0.020551788849703444
3.56358,0.046646,2.084445,-0.022215,0.123096,0.97235,0.980363,0.076718,0.234061,0.600375,0,-0.08010322600603104,-0.014329975470900536,0.05798347666859627,0.040994125374,-0.017847091597020102
3.624219,0.060639,2.115261,-0.050848,0.093718,0.955048,0.960981,-0.085161,0.585613,0.506607,0,-0.08040812611579895,0.02183683030307293,0.08502817898988724,0.071714267247,-0.01269106785125233
3.676448,0.052229,2.144881,0.022305,0.063369,0.999888,1.002142,-0.12334,0.657696,0.575024,0,-0.0829961895942688,0.0601683035492897,0.11456657946109772,0.10174719574300001,-0.006707369972578657
3.720231,0.043783,2.169355,-0.029373,0.106829,1.055451,1.06125,-0.028656,0.214513,0.442466,0,-0.07972043752670288,0.0694725513458252,0.13433310389518738,0.121119684621,-0.0008258636847356679
3.768923,0.048692,2.19212,0.006304,0.157815,0.93872,0.951914,-0.115705,0.13113,0.451324,0,-0.08188964426517487,0.07318936288356781,0.15344183146953583,0.143095552829,0.006645525973178971
3.815912,0.046989,2.214844,0.016001,0.151017,0.937258,0.949481,-0.165795,0.243529,0.694143,0,-0.08694755285978317,0.08345762640237808,0.1860358864068985,0.175712638256,0.015387166239552726
3.865831,0.049918,2.248982,0.041458,0.120911,0.944325,0.952937,-0.261396,0.474741,0.686201,0,-0.09746341407299042,0.10704442858695984,0.21618615090847015,0.209966419774,0.026178746520601738
3.915262,0.049431,2.278278,-0.091576,0.042974,0.998913,1.004022,-0.1548,0.249638,0.382296,0,-0.10091967135667801,0.11563999950885773,0.22619928419589996,0.22886369335,0.03736000333768927
3.971615,0.056353,2.294532,-0.032089,0.061912,1.00793,1.01034,-0.128838,0.101808,0.24027,0,-0.10260258615016937,0.11480621248483658,0.22704745829105377,0.24240362866,0.05015480875476502
4.02831,0.056695,2.301573,0.027396,0.111199,1.132947,1.13872,-0.20764,-0.271125,0.235383,0,-0.108934186398983,0.09154248237609863,0.22754992544651031,0.255748667845,0.06305575177795493
4.070951,0.042641,2.306666,0.045095,0.061912,1.180224,1.182707,-0.114788,-0.377721,-0.138467,1,-0.10928705334663391,0.0632556602358818,0.2054867148399353,0.249844296498,0.07181791078544461
4.137846,0.066895,2.294449,-0.177969,0.060213,1.300366,1.313869,-0.099517,-0.073205,0.031659,0,-0.10869812220335007,0.05502995848655701,0.1950085610151291,0.251962125303,0.08486300847455167
4.19967,0.061823,2.298606,-0.301139,-0.008684,1.069829,1.111438,0.148189,-0.361228,0.046625,0,-0.09321329742670059,0.02993846870958805,0.1860641986131668,0.254844622678,0.09636605542541347
4.256857,0.057187,2.286381,-0.245601,0.009226,0.883888,0.917423,-0.048204,-0.583583,-0.257585,0,-0.09050020575523376,-0.007043683901429176,0.15932169556617737,0.240114109283,0.10547718522975646
4.309347,0.05249,2.267648,-0.045418,-0.061513,0.768376,0.772171,0.050145,0.019952,-0.111589,0,-0.08202234655618668,-0.00541642913594842,0.14299164712429047,0.234256802673,0.11298281678731047
4.360188,0.050841,2.265906,-0.085158,-0.106139,0.787628,0.799297,0.254174,-0.324881,0.412839,0,-0.06175704672932625,-0.02467316761612892,0.15925754606723785,0.255245950272,0.12107962968691491
4.415229,0.055041,2.281304,-0.009627,-0.049451,0.897535,0.898948,0.292964,0.240475,0.615952,0,-0.040375158190727234,-0.00869055837392807,0.18678618967533112,0.289148564304,0.1313605283528348
4.461179,0.04595,2.304059,-0.123418,0.03302,0.997207,1.005358,-0.212221,0.435646,0.733849,0,-0.05073366314172745,0.018093116581439972,0.21976199746131897,0.32286892585399996,0.1414585921361824
4.509814,0.048635,2.331199,-0.130082,-0.06103,0.930922,0.941946,-0.307822,0.601801,0.489197,0,-0.06623037904500961,0.053277742117643356,0.23600295186042786,0.34666102194899995,0.1529365956999143
4.558259,0.048444,2.339771,-0.146867,-0.055241,0.894367,0.908028,-0.169155,0.27957,0.183765,0,-0.0724344402551651,0.06691811978816986,0.23285417258739471,0.35556333360899994,0.16421698323673806
4.613372,0.055114,2.334956,-0.069114,-0.04125,0.93604,0.939494,-0.237572,0.273461,-0.194666,0,-0.08238853514194489,0.07936803251504898,0.2070842832326889,0.34483451168499996,0.17563022642282447
4.662057,0.048685,2.323118,-0.064424,-0.092872,0.979661,0.98616,-0.218941,0.331188,-0.008352,0,-0.09061957895755768,0.09454712271690369,0.1940983086824417,0.34442789456499995,0.18507990258102913
4.713025,0.050967,2.31482,-0.056032,-0.081776,1.057157,1.061795,-0.063043,-0.112969,-0.053177,0,-0.08895733207464218,0.08203857392072678,0.1791931688785553,0.34171762240599995,0.19421284081926246
4.766361,0.053336,2.304207,-0.061462,-0.048969,1.179005,1.181621,-0.17168,-0.101741,-0.343161,1,-0.09394364058971405,0.07096081227064133,0.147707000374794,0.32341478730999995,0.20209094139125247
4.808424,0.042064,2.279422,-0.14662,-0.096008,1.15561,1.168824,0.023797,-0.409617,-0.584147,0,-0.08684654533863068,0.04199284315109253,0.10359276831150055,0.29884322790199996,0.20644846759750743
4.861863,0.053438,2.249275,-0.170563,-0.103968,1.136358,1.153781,0.129477,-0.28103,-0.51237,0,-0.07380713522434235,0.022521886974573135,0.06646417081356049,0.27146319984199996,0.21000017995744247
4.904351,0.042489,2.222182,-0.153532,-0.104933,1.085182,1.101001,0.164296,-0.053177,-0.284823,0,-0.05945492535829544,0.01795896328985691,0.0452895313501358,0.25936135539499994,0.2119244868549784
4.957974,0.053623,2.209056,-0.170563,-0.134122,0.976737,1.000548,0.257148,-0.139309,-0.191361,0,-0.04037097096443176,0.008479280397295952,0.031024886295199394,0.24910000449199993,0.21358813433278587
5.000023,0.042049,2.195412,-0.200184,-0.041973,0.869998,0.893718,0.004555,-0.068754,-0.415243,0,-0.03766295686364174,0.0038238726556301117,0.004125097766518593,0.23163945158499993,0.2137615905687702
5.045545,0.045522,2.17377,-0.191791,-0.093354,0.817603,0.84497,0.253788,-0.344865,-0.349575,0,-0.020095109939575195,-0.01719411462545395,-0.017194952815771103,0.21572609843499993,0.21297884192669067
5.094641,0.049097,2.164662,-0.152791,-0.008684,0.888031,0.901122,0.349694,-0.412366,0.161719,0,0.002194734290242195,-0.04101395979523659,-0.006410525180399418,0.22366601617799992,0.2126641043719086
5.141351,0.04671,2.174465,-0.106633,0.052929,0.995014,1.00211,-0.138082,0.049143,0.180656,0,-0.006260748021304607,-0.03557955473661423,0.0048653120175004005,0.23210445793799991,0.21289136309624604
5.190074,0.048723,2.173948,-0.162171,-0.06103,0.889981,0.906692,-0.237959,0.110535,-0.097288,0,-0.02022685296833515,-0.026772188022732735,-0.0012921961024403572,0.2273642947139999,0.21282840342554685
5.23616,0.046086,2.166986,-0.090589,-0.055,0.812729,0.819609,-0.119145,-0.001864,-0.134856,0,-0.026189353317022324,-0.025270793586969376,-0.009343037381768227,0.2211493210979999,0.2123978202047707
5.278214,0.042054,2.155338,-0.042703,-0.03932,0.827351,0.829385,-0.010717,-0.012249,-0.262527,0,-0.025256725028157234,-0.0244858767837286,-0.024604234844446182,0.2101090106399999,0.21136311371262234
5.323979,0.045765,2.141597,-0.033323,-0.027017,0.883645,0.884685,0.017078,-0.090745,-0.274438,0,-0.02270491048693657,-0.028479784727096558,-0.03966348618268967,0.1975493555699999,0.20954791426747155
5.367002,0.043023,2.129425,-0.055291,-0.029188,0.950661,0.952715,0.015856,-0.175044,-0.427155,0,-0.020380571484565735,-0.03731424733996391,-0.06302034109830856,0.1791718660049999,0.20683659013239902
5.415094,0.048092,2.106855,-0.032582,-0.028706,1.038636,1.039543,0.021965,-0.025688,-0.495266,0,-0.01782810501754284,-0.036613449454307556,-0.08907484263181686,0.1553535335329999,0.20255280280054969
5.454123,0.039029,2.087088,-0.105399,-0.049934,1.132459,1.138449,0.089771,-0.187262,-0.478467,0,-0.011342346668243408,-0.045694101601839066,-0.11254625767469406,0.1366794449899999,0.19816023490976406
5.496076,0.041953,2.056758,-0.156741,-0.009408,1.163896,1.174441,-0.212608,-0.007362,-0.892329,0,-0.02347404696047306,-0.04338355362415314,-0.1595492660999298,0.09924356645299989,0.1914666645490737
5.541904,0.045828,2.017123,-0.106633,-0.079605,1.095661,1.103712,-0.140526,0.283715,-0.763436,0,-0.03052959218621254,-0.023667018860578537,-0.19594977796077728,0.06425682144499989,0.18248667812468722
5.590541,0.048637,1.989137,-0.121443,-0.194911,1.038392,1.063483,0.400701,0.106564,-0.503208,0,-0.004536289721727371,-0.015817077830433846,-0.21447038650512695,0.03978229394899989,0.17205548193623735
5.636206,0.045665,1.965018,-0.223139,-0.068026,1.070804,1.09592,0.521958,-0.17932,-0.657146,0,0.02719922363758087,-0.02567254938185215,-0.2411535531282425,0.009773721858999891,0.16104320493263616
5.677881,0.041675,1.935236,-0.117741,-0.018092,1.01451,1.02148,0.260813,0.178952,-0.692881,0,0.04128076881170273,-0.013338389806449413,-0.26838234066963196,-0.019102093816000105,0.14985837088522924
5.722944,0.045063,1.909904,-0.031348,-0.124473,0.920687,0.929591,0.232102,0.207663,-0.316283,0,0.05278290808200836,-1.7082318663597107e-05,-0.27126964926719666,-0.0333547546450001,0.13763414668030155
5.764434,0.04149,1.903689,-0.061956,-0.117477,0.935065,0.94445,0.267532,0.113589,0.04932,0,0.0657273456454277,0.006830754689872265,-0.25194546580314636,-0.031308467845000104,0.127180929304129
5.802623,0.038189,1.905279,-0.106386,-0.056688,0.953342,0.960933,0.006388,0.194529,-0.014515,0,0.06215054541826248,0.018144644796848297,-0.2376338690519333,-0.031862781180000105,0.11810592947890472
5.851825,0.049202,1.90167,-0.10688,-0.031118,0.877552,0.884584,-0.146634,0.122752,-0.149822,0,0.0495656356215477,0.024450063705444336,-0.23234082758426666,-0.039234323224000105,0.10667429608010363
5.898734,0.04691,1.895347,-0.086392,-0.057894,0.869023,0.875224,0.103528,-0.185542,-0.075068,0,0.05281832441687584,0.011792370118200779,-0.2228608876466751,-0.0427557631040001,0.0962198918405981
5.947265,0.048531,1.893018,-0.020241,-0.027982,0.896317,0.896982,0.109332,-0.257013,-0.025588,0,0.056224800646305084,-0.004410413093864918,-0.21096986532211304,-0.043997574332000106,0.08598131330665064
5.993234,0.045969,1.894428,0.025699,0.001457,0.968208,0.96855,-0.057953,-0.103684,0.001787,0,0.049342505633831024,-0.010394327342510223,-0.1981455236673355,-0.0439154277290001,0.07687276172918689
6.034693,0.041458,1.895661,0.004606,0.00437,0.971863,0.971884,-0.058649,-0.135154,0.098426,0,0.042833101004362106,-0.017914466559886932,-0.18026907742023468,-0.0398348826210001,0.0693991663174988
6.079732,0.045039,1.902716,-0.012835,-0.031359,1.034006,1.034561,0.062874,-0.23627,0.248,0,0.04404110461473465,-0.031076285988092422,-0.1544542908668518,-0.028665210621000102,0.062442699511146664
6.12134,0.041608,1.913443,-0.096266,-0.060789,1.129535,1.135258,0.010166,-0.128696,0.087976,0,0.0419992133975029,-0.03696050867438316,-0.13984131813049316,-0.025004705213000102,0.05662418194637311
6.166636,0.045296,1.913121,-0.222893,-0.016403,1.126123,1.148087,0.093549,-0.097848,-0.185386,0,0.04510648176074028,-0.04063062369823456,-0.1425866186618805,-0.0334019494690001,0.05016557846746457
6.208254,0.041618,1.909483,-0.191051,-0.033048,1.202157,1.217692,0.188233,-0.052338,0.217785,1,0.05373372137546539,-0.0413363091647625,-0.12086449563503265,-0.024338173339000103,0.04513543988812578
6.246253,0.037998,1.937082,-0.149582,-0.110481,1.269417,1.282965,0.161661,0.14375,0.760539,0,0.06023925542831421,-0.030179860070347786,-0.06773613393306732,0.004560787582999892,0.04256160227093709
6.295882,0.049629,1.960827,-0.335203,0.036419,1.094442,1.145204,-0.015185,-0.080132,0.166778,0,0.05569290742278099,-0.03319082409143448,-0.05360032245516777,0.012837812944999891,0.03990147186780957
6.34155,0.045669,1.97197,-0.156494,0.026464,0.909477,0.923222,0.070642,-0.168402,0.549485,0,0.05659399554133415,-0.04134094715118408,-0.017248142510652542,0.03793224340999989,0.03911376644749058
6.383114,0.041564,2.011092,-0.070595,0.033748,0.884376,0.887831,0.006196,0.083274,0.829567,0,0.053556155413389206,-0.03382953256368637,0.03379534184932709,0.0724123661979999,0.04051843603611601
6.435088,0.051975,2.042895,-0.128848,0.086191,0.822477,0.836958,-0.195084,0.235379,0.495423,0,0.03856886923313141,-0.017602449283003807,0.06162087619304657,0.0981619766229999,0.04372118107624961
6.47767,0.042582,2.060991,-0.106386,0.0017,0.724267,0.732041,-0.010298,-0.08899,0.343623,0,0.03562331944704056,-0.021905478090047836,0.07861912250518799,0.1127941312089999,0.04706894055076552
6.523603,0.045933,2.075607,0.004606,-0.036184,0.742788,0.743683,0.127758,0.021271,0.306055,0,0.041176922619342804,-0.01930292882025242,0.092328280210495,0.12685215552399992,0.051309855445674186
6.565249,0.041646,2.088347,0.013577,-0.033772,0.854157,0.854933,0.108516,0.008443,0.353092,0,0.04523592069745064,-0.01763048768043518,0.10804633796215057,0.14155702495599992,0.05580955323644591
6.603207,0.037957,2.100074,0.004849,-0.008925,0.920199,0.920255,0.009695,0.02722,0.195506,0,0.04309362173080444,-0.014927034266293049,0.11331814527511597,0.14897784619799992,0.06011077007665348
6.651759,0.048553,2.103809,-0.016785,-0.030877,0.999644,1.000262,0.029553,-0.128107,-0.103937,0,0.04227743297815323,-0.021749183535575867,0.10022265464067459,0.14393139303699992,0.06497688062742216
6.689686,0.037927,2.095455,-0.003949,-0.005789,1.031569,1.031593,-0.013208,-0.291208,-0.337899,0,0.03893293812870979,-0.03799135610461235,0.07381398975849152,0.13111589766399992,0.06777642381699246
6.731184,0.041497,2.079762,0.050186,-0.013991,1.105896,1.107123,0.021917,-0.271355,-0.266733,0,0.03790726885199547,-0.052057817578315735,0.0532868355512619,0.12004727836299992,0.06998766763186318
6.77619,0.045006,2.070906,-0.059981,-0.014474,1.210442,1.212014,-0.225483,-0.224319,-0.355308,1,0.022030891850590706,-0.062441207468509674,0.028657961636781693,0.10405628651499992,0.07127744785328817
6.817647,0.041457,2.048625,-0.189817,0.037876,1.196308,1.211865,-0.28657,0.102494,-0.636917,0,0.0034293532371520996,-0.05249940603971481,-0.011460904031991959,0.07765161844599991,0.07080231315483387
6.862867,0.04522,2.029584,-0.14193,-0.176577,1.244803,1.265251,0.123015,-0.016624,-0.001006,0,0.010637618601322174,-0.050336942076683044,-0.0108307134360075,0.07760612712599992,0.07031254829325762
6.904519,0.041652,2.028838,-0.24412,0.000971,1.195577,1.220246,-0.096896,0.144339,-0.443578,0,0.004155813716351986,-0.03860246017575264,-0.03691542521119118,0.05913021626999992,0.06877494700236109
6.942471,0.037952,2.005227,-0.175994,-0.010855,0.964796,0.980777,0.192043,-0.065799,-0.536124,0,0.015481091104447842,-0.0402417853474617,-0.06700622290372849,0.038783238221999916,0.06623192683071878
6.991005,0.048534,1.992588,-0.052823,-0.050416,0.8873,0.8903,0.377441,-0.146739,-0.105464,0,0.03729895129799843,-0.046661119908094406,-0.06932434439659119,0.033664648445999916,0.06286733909977463
7.029444,0.038439,1.996456,-0.008146,0.008498,0.875603,0.875682,0.039021,0.252462,0.032897,0,0.03740275278687477,-0.028630873188376427,-0.06316274404525757,0.034929176228999916,0.06043942638141897
7.077919,0.048475,1.999735,-0.124899,0.007284,0.876578,0.885461,0.123173,0.023615,-0.175823,0,0.04257272556424141,-0.02548164874315262,-0.0699535682797432,0.026406156303999916,0.05704842715905842
7.11606,0.03814,1.996783,-0.086639,0.003642,0.835636,0.840124,0.12073,-0.126047,-0.253708,0,0.04728381335735321,-0.03154342621564865,-0.0810297355055809,0.016729733183999916,0.05395795304687556
7.157469,0.041409,1.993275,-0.03431,-0.010855,0.826132,0.826916,0.147913,-0.192325,-0.097937,0,0.053349439054727554,-0.041234858334064484,-0.08204885572195053,0.012674259950999916,0.050560391980285314
7.202444,0.044975,1.996015,-0.025177,-0.000724,0.837586,0.837965,0.190979,-0.244249,0.016294,0,0.06164533644914627,-0.053471945226192474,-0.07612103968858719,0.013407082600999915,0.04713684822029111
7.244042,0.041599,2.003145,0.04364,0.019909,0.940182,0.941405,-0.120792,0.147132,0.091637,0,0.050648558884859085,-0.0413801409304142,-0.06600908935070038,0.017219090163999914,0.044390936112391324
7.289046,0.045004,2.012203,-0.020734,-0.007478,0.930678,0.930939,-0.065033,-0.081903,0.091012,0,0.04367562010884285,-0.04382273927330971,-0.05654432624578476,0.021314994211999914,0.04184621525402603
7.330449,0.041403,2.019002,-0.01012,-0.025811,0.960166,0.960566,0.211573,-0.230445,0.165373,0,0.05379597097635269,-0.05507177114486694,-0.04316781461238861,0.028161932530999915,0.0400589382256293
7.36877,0.038321,2.031343,-0.021722,0.016024,1.177056,1.177365,0.002657,-0.041382,0.097262,0,0.050713468343019485,-0.05424659326672554,-0.034703124314546585,0.031889109632999915,0.03872907979877156
7.417439,0.048669,2.033046,-0.120703,0.062883,1.161947,1.16989,-0.098283,0.122255,-0.266154,0,0.04173240810632706,-0.04360760748386383,-0.04865428805351257,0.018935660606999916,0.03636112425349516
7.455801,0.038362,2.027754,-0.110089,0.01044,1.114913,1.120384,0.091696,0.159213,-0.098777,0,0.044744063168764114,-0.03138218820095062,-0.05167553573846817,0.015146377332999915,0.03437874735149604
7.505192,0.049391,2.034965,-0.088614,0.009469,1.168039,1.171434,0.202873,0.182731,0.373728,0,0.05427560210227966,-0.018476085737347603,-0.02603348344564438,0.033605176980999914,0.03309292757063222
7.550307,0.045115,2.056215,-0.165627,0.052929,1.138552,1.151752,0.158586,0.008635,0.360288,0,0.06056312099099159,-0.016841910779476166,-0.002747179940342903,0.049859570100999916,0.03296898854762365
7.591946,0.041639,2.070486,-0.187101,0.090804,1.017922,1.03895,0.114603,-0.115066,0.250333,0,0.063820481300354,-0.022762564942240715,0.012507736682891846,0.06028318588799992,0.03348979819536259
7.637309,0.045363,2.085474,-0.041222,0.053414,0.937258,0.939683,0.074286,-0.035653,0.578367,0,0.06445131450891495,-0.02353956177830696,0.04661604017019272,0.08651964810899992,0.03560444162560304
7.67906,0.041751,2.116135,-0.019747,0.070167,0.904846,0.907778,-0.305977,0.323536,0.742385,0,0.04212300479412079,-0.0026188846677541733,0.08855491876602173,0.11751496424399993,0.03930169803900321
7.724169,0.045109,2.145164,-0.125886,0.023794,0.788116,0.798461,-0.089731,0.174484,0.48521,0,0.034175239503383636,0.008056347258388996,0.11246410012245178,0.13940230213399993,0.04437484113142689
7.765737,0.041568,2.161076,-0.098981,-0.020987,0.790309,0.79676,-0.053079,-0.095823,0.33341,0,0.02891581505537033,0.0017948108725249767,0.1257820576429367,0.15326148901399994,0.04960334970352848
7.811075,0.045338,2.168605,-0.013823,0.002914,0.813704,0.813826,-0.043772,0.103148,0.097845,0,0.02453441172838211,0.007904077880084515,0.12409809231758118,0.15769758562399994,0.05522970901302298
7.853216,0.042141,2.16869,0.011395,-0.034737,0.852452,0.853235,0.024023,-0.11815,0.023817,0,0.024503584951162338,0.0003059152513742447,0.11805345118045807,0.15870125782099995,0.060204599499218664
7.898566,0.04535,2.1665,0.067642,-0.055482,0.952611,0.95662,0.010113,-0.258912,0.079231,0,0.023636164143681526,-0.015318965539336205,0.11571335047483444,0.16229438367099994,0.06545219994325241
7.940163,0.041598,2.1645,0.082432,-0.013267,1.046191,1.049517,-0.206744,-0.0277,-0.153203,0,0.009749537333846092,-0.016065256670117378,0.09950387477874756,0.15592144527699994,0.06959136212629875
7.985475,0.045312,2.154016,0.049217,-0.012303,1.087619,1.088802,-0.212853,-0.136434,-0.166948,0,-0.0036682775244116783,-0.023320725187659264,0.08344295620918274,0.14835669750099995,0.07337232935804924
8.02743,0.041954,2.146264,0.040488,-0.018333,1.169258,1.170102,-0.263555,-0.20424,-0.152287,0,-0.01933347061276436,-0.03422599658370018,0.06923385709524155,0.14196764870299994,0.07627696659862301
8.072552,0.045123,2.133759,-0.007158,0.065797,1.197526,1.199354,-0.378092,0.281704,-0.428092,1,-0.04095835983753204,-0.015182681381702423,0.039256542921066284,0.12265085338699994,0.07804833958485029
8.114444,0.041891,2.112001,-0.059981,-0.023158,1.106627,1.108494,0.100826,0.220312,-0.355094,0,-0.03241202235221863,-0.0009877672418951988,0.015486273914575577,0.10777561063299994,0.07869707508540577
8.159515,0.045071,2.09899,-0.114285,-0.072127,1.171694,1.179462,0.381824,-0.049996,-0.124798,0,-0.0074431151151657104,-0.003941836766898632,0.0070303576067090034,0.10215083997499994,0.07901394033309775
8.201051,0.041536,2.087659,-0.205367,0.008012,1.121249,1.13993,0.168633,0.167472,-0.590583,0,0.0031702257692813873,0.0063904765993356705,-0.02899198979139328,0.07762038448699994,0.07780972904512244
8.246029,0.044978,2.062967,-0.167601,-0.087806,0.912157,0.931575,0.262706,-0.019758,-0.435423,0,0.018814265727996826,0.004814324900507927,-0.05349043384194374,0.058035928792999944,0.07540383631177949
8.287518,0.041489,2.051525,-0.130823,-0.091907,0.870973,0.885525,0.392209,-0.129409,-0.099752,0,0.04132138192653656,-0.003276255913078785,-0.05627894401550293,0.05389731806499994,0.07306887920352029
8.32551,0.037992,2.049105,-0.107374,-0.015197,0.91167,0.918097,0.185431,0.221533,-0.107388,0,0.05000787973403931,0.010274573229253292,-0.05935964360833168,0.04981743316899994,0.07081368762355256
8.374741,0.049231,2.046422,-0.149829,-0.02557,0.902166,0.91488,0.117014,-0.050302,-0.218566,0,0.054046809673309326,0.006623198743909597,-0.06895612925291061,0.03905721042299994,0.06741890842430251
8.413375,0.038635,2.035658,-0.104165,-0.00989,0.841485,0.847965,0.115487,0.061487,-0.436645,0,0.057750239968299866,0.00993022508919239,-0.09111931174993515,0.022187430847999942,0.06389851381484377
8.455804,0.042428,2.024099,-0.046899,-0.017127,0.872678,0.874105,0.215669,-0.078401,-0.198713,0,0.06726910918951035,0.0046058832667768,-0.09760473668575287,0.013756435683999943,0.059757340046740645
8.50039,0.044586,2.023269,0.004122,0.027436,0.890225,0.890657,0.167,-0.075282,0.041864,0,0.07328058779239655,-0.0002095191739499569,-0.08919797837734222,0.015622983987999942,0.05578035898280846
8.543366,0.042976,2.030467,0.025942,0.05827,0.918981,0.921192,-0.007243,0.084688,0.111105,0,0.06842686980962753,0.004907849244773388,-0.07712431252002716,0.020397832467999942,0.05246586452794778
8.586959,0.043593,2.039308,0.033942,0.029135,0.928972,0.930049,-0.05594,0.049859,0.149697,0,0.06093040853738785,0.0076173702254891396,-0.06345219910144806,0.02692357378899994,0.04969979281251835
8.630752,0.043793,2.048952,0.055035,0.006798,0.988434,0.989989,0.052374,0.027422,0.170058,0,0.06041465327143669,0.008811133913695812,-0.04937690496444702,0.03437092378299994,0.04753743001341032
8.674615,0.043863,2.059453,0.001212,0.008741,1.094442,1.094478,0.136062,-0.186686,0.122716,0,0.06497444957494736,-0.002972847782075405,-0.039003659039735794,0.039753615690999944,0.04582661251695039
8.71812,0.043505,2.06252,-0.000987,0.031077,1.191678,1.192083,0.048711,-0.148211,-0.212437,1,0.0639941394329071,-0.011727369390428066,-0.04945770278573036,0.030511544005999945,0.04367495515725719
8.7616,0.043479,2.049989,-0.08812,0.038118,1.184367,1.188252,0.036494,-0.119806,-0.427156,0,0.0623365119099617,-0.01824202574789524,-0.07222422957420349,0.011939228281999947,0.0405347178796004
8.805395,0.043796,2.039178,-0.025177,0.023794,1.216778,1.217271,0.091166,0.193263,0.051762,0,0.06407427042722702,-0.0054931361228227615,-0.06475070863962173,0.014206196833999948,0.037698895844019524
8.853977,0.048581,2.053159,-0.117741,0.013354,1.201182,1.207012,0.053598,0.132482,0.359333,0,0.06344278901815414,0.0028235921636223793,-0.039188213646411896,0.03166295330699995,0.03579509323686319
8.899309,0.045332,2.067881,-0.253747,0.069681,0.937502,0.973731,0.049004,-0.232016,0.095285,0,0.06257246434688568,-0.011331835761666298,-0.031082570552825928,0.03598241292699995,0.034386058148562486
8.949979,0.05067,2.079822,-0.097253,0.05997,0.881451,0.888826,0.066108,-0.239346,0.530526,0,0.0627855733036995,-0.025075845420360565,0.002769511193037033,0.06286416534699996,0.03452638928071367
9.001911,0.051932,2.11004,-0.037272,0.089105,0.927267,0.932283,-0.135477,0.072806,0.888799,0,0.05083489790558815,-0.01917582005262375,0.056176718324422836,0.10902127501499995,0.0374437586167376
9.045405,0.043494,2.145711,-0.139462,0.087648,0.891687,0.906773,-0.225274,0.059978,0.796864,0,0.034191880375146866,-0.014404664747416973,0.10082313418388367,0.14368007783099995,0.041828960014931436
9.088912,0.043508,2.173104,-0.098241,0.040789,0.852452,0.859063,-0.160828,0.214221,0.638039,0,0.02243666723370552,-0.0006237933412194252,0.1332048922777176,0.17143987864299995,0.04762443846815037
9.132949,0.044037,2.195052,-0.115766,0.017724,0.864393,0.87229,0.008076,-0.058225,0.297481,0,0.021571049466729164,-0.004095821641385555,0.14310696721076965,0.18454004943999994,0.05392643998321103
9.187528,0.054579,2.198075,-0.052823,0.047345,0.911426,0.914182,-0.077631,0.085886,-0.015689,0,0.015591447241604328,0.0013280133716762066,0.1335352212190628,0.18368375950899993,0.06121465882212626
9.231194,0.043665,2.192068,0.009213,0.009226,0.901191,0.901285,-0.127051,-0.020271,-0.011833,0,0.006993387825787067,2.608948852866888e-05,0.12477286159992218,0.18316707156399992,0.06666286582388686
9.274785,0.043591,2.185816,0.034912,0.002185,0.917031,0.917698,-0.090982,-0.00912,-0.106229,0,0.0010877246968448162,-0.000525209354236722,0.11084876209497452,0.17853644322499992,0.0714948742123689
9.318454,0.043669,2.175114,0.075401,-0.011579,0.970157,0.973152,-0.189942,0.063573,-0.207022,0,-0.010426975786685944,0.0033384389244019985,0.09168846160173416,0.16949599950699992,0.07549881764205503
9.362392,0.043938,2.161054,0.094554,-0.045109,0.972838,0.978462,-0.211017,0.004625,-0.279409,0,-0.022517941892147064,0.003415988991037011,0.06931981444358826,0.15721932686499993,0.07854459164907741
9.413482,0.05109,2.144121,0.079522,-0.093596,1.008905,1.016353,-0.128855,-0.149313,-0.266886,0,-0.028927622362971306,-0.0057900575920939445,0.049054332077503204,0.14358412112499994,0.08105077747491705
9.457078,0.043596,2.128123,-0.0,-0.074298,1.174131,1.17648,-0.241255,-0.177718,-0.634016,0,-0.04172608256340027,-0.016153359785676003,0.00788090005517006,0.11594355958899993,0.08139435319372225
9.500582,0.043504,2.085894,-0.111323,-0.055723,1.163409,1.17005,-0.098007,-0.121213,-1.029552,0,-0.045118529349565506,-0.022486040368676186,-0.05465244874358177,0.07115392938099993,0.07901675306358147
9.552903,0.052321,2.045303,-0.071829,-0.171512,1.225795,1.239818,0.282562,-0.258353,-0.279104,1,-0.025366928428411484,-0.03670339286327362,-0.06818171590566635,0.05655092899699993,0.0754494175056811
9.597187,0.044284,2.022426,-0.271272,-0.027017,1.238467,1.268117,-0.06838,-0.126406,-1.036577,0,-0.027959628030657768,-0.04211039841175079,-0.12655368447303772,0.010647153128999928,0.0698451141424771
9.648283,0.051097,1.968248,-0.219931,-0.04921,0.898998,0.926816,-0.020427,-0.016756,-0.926315,0,-0.027505584061145782,-0.04058211296796799,-0.17476090788841248,-0.03668476442600007,0.06091535603210289
9.691774,0.043491,1.943097,-0.147855,-0.098661,0.897048,0.914489,0.230639,-0.252244,-0.370123,0,-0.011945400387048721,-0.05334045737981796,-0.1865367442369461,-0.052781783819000075,0.052802686488493865
9.735261,0.043487,1.931023,-0.164146,-0.007719,0.958947,0.972925,0.085558,0.108472,-0.251615,0,-0.006068187765777111,-0.043586887419223785,-0.1904594600200653,-0.06372376532400008,0.04452017595060129
9.778692,0.043431,1.926481,-0.184139,-0.026776,0.955292,0.973245,-0.098312,0.146956,-0.104396,0,-0.011628368869423866,-0.03210153430700302,-0.18527181446552277,-0.06825778800000008,0.03647363577654917
9.822841,0.044149,1.922637,-0.20512,-0.03546,0.914351,0.937747,0.052556,0.036171,-0.183055,0,-0.007759527303278446,-0.02798626944422722,-0.18513819575309753,-0.07633948319500009,0.02829996957224567
9.866749,0.043909,1.918199,-0.151557,-0.013267,0.962359,0.97431,0.131902,0.041903,-0.052508,0,0.0006588511168956757,-0.0237735528498888,-0.1771436482667923,-0.07864505696700008,0.020521769120499085
9.910356,0.043607,1.925235,-0.070842,-0.008202,0.991115,0.993677,-0.069013,0.155843,0.407927,0,-0.0035407599061727524,-0.01294680405408144,-0.14187733829021454,-0.060856584278000087,0.0143349240296777
9.960955,0.050598,1.940031,-0.156247,0.03302,0.984535,0.997403,-0.093447,0.242281,0.131816,0,-0.008960038423538208,0.002437564544379711,-0.12537992000579834,-0.05418695831000009,0.007990950837224316
10.011794,0.050839,1.950984,-0.131317,-0.039561,0.919225,0.929399,0.111498,-0.072926,0.246353,0,-0.001699188258498907,-0.0021051252260804176,-0.10297296941280365,-0.04166261814300009,0.002755908045246791
10.065976,0.054183,1.962513,-0.084418,-0.024123,0.946762,0.950824,0.119745,0.012901,0.253989,0,0.005621104035526514,-0.0012006009928882122,-0.08145637065172195,-0.027900732156000085,-0.0016576424857754598
10.109598,0.043622,1.974754,-0.077506,-0.048728,0.981611,0.985871,0.133795,-0.014893,0.258876,0,0.013347042724490166,-0.002025937894359231,-0.0609421543776989,-0.016608043284000083,-0.004316061144039441
10.153282,0.043684,1.983932,-0.084171,-0.050899,0.99209,0.996954,0.269101,-0.14287,0.129067,0,0.028763126581907272,-0.01051559578627348,-0.04948896914720535,-0.010969880456000083,-0.006477937272265959
10.196998,0.043716,1.992496,-0.046158,-0.052346,1.055938,1.058242,0.267574,0.006487,0.309883,0,0.04315793141722679,-0.009490730240941048,-0.027827102690935135,0.002576964771999918,-0.00769442689350288
10.240556,0.043558,2.007731,-0.064177,-0.026052,1.089325,1.091525,0.009484,0.14271,0.400291,0,0.041128166019916534,-0.00031652580946683884,-0.0020214244723320007,0.02001284014999992,-0.007782476100668717
10.2841,0.043544,2.022745,-0.10688,-0.015438,0.991359,0.997223,-0.054352,0.078874,0.302553,0,0.03537290543317795,0.004456841852515936,0.016337411478161812,0.03318720798199992,-0.0070710798552636395
10.327779,0.04368,2.030066,-0.154272,-0.035701,0.931166,0.944534,0.048964,-0.199928,0.005277,0,0.036192137748003006,-0.007862865924835205,0.015670722350478172,0.03341770734199992,-0.006386582702994753
10.378789,0.051009,2.027458,-0.060475,-0.038114,0.892905,0.895762,0.208705,-0.269872,-0.073525,0,0.04659069702029228,-0.02365599386394024,0.010294271633028984,0.02966727061699992,-0.0058614822012655774
10.429899,0.05111,2.025309,0.034185,-0.005789,0.952124,0.952755,0.172053,-0.042324,0.146997,0,0.054153189063072205,-0.0247812457382679,0.018534302711486816,0.037180287286999916,-0.004914193989681486
10.473612,0.043714,2.033316,0.013092,0.003156,1.019871,1.01996,-0.010596,0.222486,0.292689,0,0.050250303000211716,-0.009876715950667858,0.035059526562690735,0.04997489423299992,-0.003381601845520023
10.517505,0.043892,2.04313,-0.116506,-0.001206,1.034249,1.040792,-0.054261,0.087516,0.112995,0,0.04395067319273949,-0.0040061743929982185,0.039757244288921356,0.05493447077299991,-0.0016365768791906869
10.559312,0.041808,2.041406,-0.114285,-0.0,0.997695,1.004219,-0.012063,0.00617,-0.114312,0,0.0405743382871151,-0.0033927850890904665,0.030470412224531174,0.050155314676999914,-0.0003626698849074877
10.603244,0.043932,2.033612,-0.022709,-0.019298,0.962602,0.963064,0.146704,-0.085058,-0.149973,0,0.04697151482105255,-0.008315320126712322,0.019593823701143265,0.043566700840999915,0.0004981259779311382
10.657493,0.054249,2.025855,0.026184,0.005099,1.008661,1.009014,0.117211,-0.020266,-0.12493,0,0.0512053407728672,-0.009035671129822731,0.010882359929382801,0.03678937327099992,0.0010884831217402259
10.708197,0.050704,2.020499,0.007758,0.010683,1.038636,1.03872,-0.03326,0.051708,-0.001989,0,0.04611402377486229,-0.005374223925173283,0.010106513276696205,0.03668852301499992,0.0016009237709218303
10.751835,0.043638,2.018882,-0.024437,-0.00386,0.993065,0.993373,-0.023199,0.047749,-0.04044,0,0.04193604364991188,-0.0021721150260418653,0.0070597208105027676,0.03492380229499992,0.00190899586765055
10.795957,0.044122,2.01641,-0.046158,0.010197,0.977955,0.979097,-0.011553,0.020974,-0.056772,0,0.03871188312768936,-0.0007769364165142179,0.0032121355179697275,0.032418908110999914,0.0020507217109744106
10.839685,0.043727,2.014386,-0.003703,0.010683,0.975762,0.975828,0.01647,0.068752,-0.01301,0,0.037371210753917694,0.003414059989154339,0.0022343136370182037,0.031850019840999916,0.0021484215433803053
10.890576,0.050891,2.015154,-0.025918,-0.000241,1.012317,1.012648,0.04279,-0.044771,0.047386,0,0.037697840481996536,0.0005096087697893381,0.00495592225342989,0.034261540766999915,0.002400633382779606
10.93419,0.043614,2.016489,-0.02419,-0.004342,1.017678,1.017975,-0.002498,-0.016051,-0.055717,0,0.03527495637536049,-0.0004886151291429996,0.0012987402733415365,0.03183149952899991,0.0024572766410611234
10.978033,0.043844,2.015284,-0.050848,-0.016645,0.987703,0.989151,0.049314,-0.065038,-0.033266,0,0.0361211895942688,-0.004379458725452423,-0.0007847188971936703,0.030372985024999914,0.0024228714257325643
11.022085,0.044052,2.012969,-0.044184,0.003399,0.937014,0.938062,-0.01728,-0.019801,-0.054028,0,0.03290232643485069,-0.005309022963047028,-0.0039940644055604935,0.027992943568999912,0.0022469249005388136
11.065758,0.043674,2.011946,-0.007158,0.000486,0.96967,0.969696,0.017371,0.034238,0.029233,0,0.03196614608168602,-0.0029252467211335897,-0.001991236349567771,0.02926966561099991,0.0021599596442077908
11.116593,0.050835,2.013443,-0.017525,0.002185,0.998913,0.999069,0.005103,-0.003307,0.023349,0,0.030346915125846863,-0.0029482576064765453,-0.00046380271669477224,0.03045661202599991,0.002136382233104612
11.170689,0.054096,2.013036,-0.01876,-0.011579,0.995502,0.995746,0.038711,-0.010047,-0.055727,0,0.030851077288389206,-0.0033761486411094666,-0.0037949029356241226,0.027442004233999912,0.0019310931638990894
11.221272,0.050583,2.011883,-0.032582,0.001214,1.000376,1.000907,-0.022066,-0.005686,0.005167,0,0.027661394327878952,-0.0035153795033693314,-0.003254706272855401,0.02770336659499991,0.0017664603564992447
11.264782,0.04351,2.012041,-0.012095,-0.012303,0.986729,0.986879,0.019071,-0.006731,0.016617,0,0.02714359015226364,-0.003709207521751523,-0.0020568992476910353,0.02842637226499991,0.0016769646702322078
11.308329,0.043547,2.012702,-0.013082,0.000486,0.993552,0.993638,-0.005444,-0.022581,0.039192,0,0.025179307907819748,-0.0048467423766851425,0.00042946101166307926,0.03013306628899991,0.0016956664089071
11.35219,0.043861,2.01419,-0.016291,-0.005548,0.995502,0.99565,0.013728,0.015921,0.036727,0,0.024489058181643486,-0.0035949251614511013,0.002617368008941412,0.03174394923599991,0.0018104667871472792
11.395798,0.043608,2.015661,-0.016291,-0.004101,1.001594,1.001735,0.017717,0.016687,0.027435,0,0.024080859497189522,-0.0023723915219306946,0.004113300703465939,0.03294033471599991,0.0019898396042240217
11.439578,0.04378,2.016551,-0.022956,-0.00796,0.999401,0.999696,0.012049,-0.025565,0.014334,0,0.02335561439394951,-0.003770372597500682,0.004729373846203089,0.03356787723599991,0.002196891591210793
11.483061,0.043483,2.01711,-0.019747,-0.018092,0.985997,0.986361,0.028608,-0.023127,-0.002642,0,0.023672211915254593,-0.004937132354825735,0.004285049624741077,0.03345299514999991,0.0023832184040434093
11.526826,0.043766,2.016979,-0.01481,-0.014474,0.987703,0.98792,0.043755,-0.020199,-0.013661,0,0.024882741272449493,-0.005857071839272976,0.0032033154275268316,0.032855107823999904,0.0025234147070445486
11.571993,0.045167,2.016531,-0.012342,0.0017,0.999157,0.999235,-0.001203,0.004143,-0.004186,0,0.02331037074327469,-0.0052542975172400475,0.002757909707725048,0.0326660387619999,0.002647981214813366
11.623583,0.051589,2.0172,-0.003949,-0.002895,1.058619,1.05863,0.012932,-0.017248,0.036725,0,0.022684793919324875,-0.005977241788059473,0.00480534415692091,0.034560644786999904,0.002895884114524759
11.666729,0.043146,2.01944,-0.013329,-0.003136,0.992577,0.992672,0.039555,-0.004195,0.047056,0,0.023701678961515427,-0.005869813729077578,0.007352087181061506,0.03659092296299991,0.0032130972680388388
11.716888,0.050159,2.021762,-0.016785,-0.002412,0.997939,0.998083,0.023551,0.011972,0.013872,0,0.023692596703767776,-0.0047943624667823315,0.007745088078081608,0.03728672861099991,0.0036015831409473343
11.768111,0.051222,2.021404,-0.025177,-0.016403,0.994039,0.994494,0.027528,0.030462,-0.025063,0,0.023923782631754875,-0.0026692142710089684,0.005767514929175377,0.03600295162499991,0.0038970067906495555
11.812219,0.044108,2.019709,-0.032582,-0.016886,0.997939,0.998613,0.037945,-0.004538,-0.054634,0,0.02476893924176693,-0.0027818591333925724,0.0021266923286020756,0.03359315515299991,0.003990810935879536
11.856114,0.043895,2.017362,-0.016044,-0.006754,0.99672,0.996872,0.029357,-0.007641,-0.053752,0,0.025045493617653847,-0.003074753563851118,-0.0012415081728249788,0.031233711112999912,0.0039363149346333835
11.907829,0.051715,2.015416,-0.002962,-0.061271,0.995502,0.99739,0.031866,-0.00481,-0.032128,0,0.025456612929701805,-0.0031793490052223206,-0.0031032534316182137,0.029572211592999914,0.0037758301834172475
11.95144,0.043611,2.01461,-0.017772,-0.007237,0.986485,0.986671,0.071493,-0.067398,-0.018589,0,0.0282315481454134,-0.007050257176160812,-0.004036687780171633,0.028761526713999914,0.0035997861926361824
11.995404,0.043963,2.013975,-0.015551,0.004613,1.006712,1.006842,-0.00711,-0.006213,-0.045384,0,0.026101265102624893,-0.006999789737164974,-0.006528980098664761,0.026766309921999912,0.0033127526405585836
12.039068,0.043664,2.012787,-0.016291,-0.001689,0.979418,0.979555,0.035723,0.027827,-0.045787,0,0.026681235060095787,-0.004900535102933645,-0.008895335718989372,0.024767066353999913,0.0029243467017246315
12.083271,0.044203,2.012805,-0.016044,0.015296,0.993796,0.994043,0.018848,0.032223,-0.019539,0,0.026209071278572083,-0.002662839600816369,-0.009536904282867908,0.023903383936999912,0.0025027869217090215
12.127501,0.04423,2.013456,-0.016291,0.007041,0.991846,0.992005,0.054192,-0.021589,-0.008132,0,0.027895798906683922,-0.0038036517798900604,-0.009452220983803272,0.02354370557699991,0.0020847151875954028
12.178276,0.050775,2.013934,-0.028139,0.000728,0.980149,0.980553,0.10596,-0.038989,-0.00729,0,0.03260127454996109,-0.0059245191514492035,-0.009321888908743858,0.02317355582699991,0.0016113962782539333
12.222108,0.043832,2.014665,-0.005924,0.020395,0.992334,0.992561,0.052604,0.006065,0.017199,0,0.03380697965621948,-0.005201826803386211,-0.007723289076238871,0.02392742239499991,0.001272869071464231
12.265761,0.043653,2.016629,-0.017032,0.016267,0.987703,0.987984,0.033844,0.011477,0.041025,0,0.03380921110510826,-0.004196477122604847,-0.004784887656569481,0.02571828671999991,0.0010639943705920034
12.309411,0.04365,2.019873,-0.011601,0.019181,1.007443,1.007692,-0.022416,0.083733,0.052493,0,0.030420124530792236,0.001103648915886879,-0.0013323479797691107,0.02800960616999991,0.0010058373812750817
12.353396,0.043985,2.022446,-0.041222,0.002428,1.0033,1.004149,-0.006175,-0.004897,-0.012674,0,0.02821427956223488,0.0007419477915391326,-0.0020159888081252575,0.02745214027999991,0.0009171641135496923
12.404462,0.051066,2.022399,-0.029127,-0.000241,0.992577,0.993005,0.016601,-0.044023,-0.046022,0,0.027514265850186348,-0.001956349238753319,-0.004668539389967918,0.025101980827999908,0.0006787604810615906
12.448012,0.04355,2.021594,-0.013576,0.018209,0.992577,0.992837,0.020711,-0.001502,-0.033794,0,0.02710418589413166,-0.0019289624178782105,-0.006424135062843561,0.023630252127999907,0.0003989893990747535
12.491291,0.043279,2.022014,-0.011354,0.039332,0.998913,0.999752,-0.027242,0.013464,0.019963,0,0.023828361183404922,-0.0010011206613853574,-0.00483359768986702,0.024494230804999906,0.00018979612465499875
12.545597,0.054306,2.025326,-0.0195,0.019423,0.998913,0.999292,-0.013179,-0.008096,0.034434,0,0.021597668528556824,-0.001428778748959303,-0.0024666644167155027,0.026364203608999905,5.5841446840846655e-05
12.597896,0.052299,2.027844,-0.027646,0.011654,0.995502,0.995954,-0.026653,0.005808,0.01992,0,0.018689263612031937,-0.0009925673948600888,-0.0011172632221132517,0.027405999688999906,-2.590302412454291e-06
12.642262,0.044366,2.029762,-0.026165,0.008498,0.993065,0.993446,-0.021551,0.028164,0.013808,0,0.016263701021671295,0.0007649032631888986,-0.00021761306561529636,0.028018605416999905,-1.224492368154253e-05
12.685631,0.043369,2.03125,-0.021475,0.023794,0.970157,0.970686,0.039841,0.012969,0.020155,0,0.017684869468212128,0.0015005297027528286,0.0010103870881721377,0.028892707611999906,3.157455394539491e-05
12.729042,0.043411,2.033302,-0.021228,0.026707,1.011829,1.012404,-0.042492,0.020457,0.03392,0,0.014057587832212448,0.002643168903887272,0.002994080074131489,0.030365208731999906,0.00016155056404351697
12.772843,0.043801,2.033712,-0.017032,0.003399,0.984535,0.984688,0.039824,-0.006168,-0.016073,0,0.0156107097864151,0.0021120579913258553,0.0018447736511006951,0.029661195258999906,0.00024235349473537853
12.823828,0.050986,2.032838,-0.020734,0.002185,0.990384,0.990603,0.007886,0.02001,-0.047336,0,0.015145087614655495,0.003190892282873392,-0.0011196964187547565,0.027247721962999905,0.00018526465312874852
12.868107,0.044279,2.031492,-0.017772,0.012625,0.989165,0.989406,-0.004488,0.033616,-0.045118,0,0.013961663469672203,0.005024826619774103,-0.003771782387048006,0.025249942040999906,1.8253900812649872e-05
12.916711,0.048604,2.030876,-0.02493,0.016753,1.0033,1.003749,0.005014,-0.001345,-0.026511,0,0.013422325253486633,0.004640872590243816,-0.005142434500157833,0.023961401396999905,-0.00023168898563302146
12.960114,0.043402,2.031549,-0.022956,0.028164,0.999157,0.999817,-0.00798,-0.003144,0.010452,0,0.012132257223129272,0.004171623848378658,-0.004202448762953281,0.024415039100999906,-0.0004140836668427198
13.00396,0.043847,2.033262,-0.028386,0.015539,0.992334,0.992861,0.004663,0.005065,0.021776,0,0.011682032607495785,0.0042254738509655,-0.0026365455705672503,0.025369851372999908,-0.000529688280475382
13.047501,0.04354,2.036064,-0.032829,0.008255,0.983804,0.984386,0.05428,-0.015858,0.046166,0,0.014249710366129875,0.0030149021185934544,0.0003051257226616144,0.02737991901299991,-0.0005164031065106954
13.091304,0.043803,2.038821,-0.020981,0.029378,0.995502,0.996156,-0.069173,0.083264,0.016582,0,0.009221239015460014,0.00785207748413086,0.0012862469302490354,0.02810626035899991,-0.00046006163222499685
13.135041,0.043737,2.040572,-0.032089,0.009954,1.001594,1.002157,0.035872,0.028365,-0.015311,0,0.010827667079865932,0.009088534861803055,0.0002858145162463188,0.02743660315199991,-0.0004475609627279316
13.189057,0.054016,2.040709,-0.037519,0.013839,1.008661,1.009454,0.005459,-0.033107,-0.021347,0,0.010504059493541718,0.006545114330947399,-0.001018146751448512,0.02628352359999991,-0.0005025571776541744
13.23973,0.050673,2.040783,-0.032335,0.019666,1.000132,1.000848,0.02737,-0.060739,-0.017958,0,0.011520687490701675,0.00248942943289876,-0.002039230428636074,0.025373537865999912,-0.0006058911011644502
13.283564,0.043834,2.041254,-0.037766,0.019181,0.99867,0.999568,0.017989,-0.03985,-0.022343,0,0.011910578235983849,-6.266473792493343e-05,-0.003263080958276987,0.024394154803999913,-0.0007489249918895636
13.327342,0.043777,2.040646,-0.03431,0.022337,0.990628,0.991473,0.019051,-0.019162,-0.080545,0,0.012340981513261795,-0.0012139154132455587,-0.007921403273940086,0.020868136338999914,-0.0010957002630128387
13.371434,0.044093,2.037765,-0.020241,0.027436,1.006955,1.007532,-0.024932,-0.068694,-0.06485,0,0.010094277560710907,-0.005281412973999977,-0.011352889239788055,0.018008705288999914,-0.0015962832082628135
13.422549,0.051115,2.03761,-0.013329,0.046859,0.991359,0.992555,0.001381,-0.051987,0.011897,0,0.009569067507982254,-0.008096685633063316,-0.009951455518603325,0.018616820443999912,-0.0021049518570962224
13.466003,0.043454,2.039926,-0.030854,0.027436,0.97625,0.977122,0.102881,0.020157,0.016923,0,0.015193631872534752,-0.006393637973815203,-0.008331543765962124,0.01935219248599991,-0.0024669907599023403
13.509198,0.043195,2.042315,-0.037272,0.025736,0.990871,0.991906,0.174281,0.00255,0.002671,0,0.024782942607998848,-0.00585454236716032,-0.007668343372642994,0.01946756633099991,-0.0027982248518836545
13.563474,0.054276,2.044271,-0.00938,0.040789,1.01256,1.013425,-0.014471,0.032616,0.009065,0,0.02241683192551136,-0.0035356529988348484,-0.006659707520157099,0.01995957827099991,-0.003159687137247701
13.607989,0.044515,2.047459,-0.016538,0.048073,0.999644,1.000936,0.041454,-0.046423,-0.004527,0,0.023564334958791733,-0.006120773963630199,-0.0065311542712152,0.01975805886599991,-0.003450421469630846
13.658886,0.050898,2.049051,-0.021968,0.040789,0.936771,0.937916,-0.003387,-0.074171,-0.010157,0,0.02193978987634182,-0.01022263802587986,-0.006749709602445364,0.01924108787999991,-0.00379396818897611
13.709289,0.050402,2.050805,-0.010861,0.047102,0.98746,0.988642,-0.063378,0.003405,0.028454,0,0.016797088086605072,-0.009401204995810986,-0.0046277353540062904,0.02067522638799991,-0.004027215306288735
13.763411,0.054122,2.054014,-0.01481,0.040061,0.999401,1.000313,-0.018459,-0.005361,0.033769,0,0.01467195712029934,-0.009157673455774784,-0.0023132951464504004,0.02250287220599991,-0.004152415466204923
13.81434,0.05093,2.056331,-0.018019,0.035691,0.999644,1.000444,0.036705,-0.064417,0.002148,0,0.016000043600797653,-0.012488540261983871,-0.0020443815737962723,0.022612269845999913,-0.004256535819758368
13.858314,0.043973,2.057139,-0.0195,0.039575,0.936771,0.937809,0.176359,-0.143858,-0.024494,0,0.025666002184152603,-0.020407099276781082,-0.003397577442228794,0.021535195183999913,-0.004405937492625495
13.903996,0.045683,2.055773,-0.01012,0.043217,0.988922,0.989917,0.079809,-0.107722,-0.076178,0,0.028929580003023148,-0.025670180097222328,-0.007784563582390547,0.01805515560999991,-0.004761559710759842
13.947302,0.043305,2.053644,-0.025424,0.03909,0.986485,0.987586,0.142423,-0.150178,-0.072818,0,0.03577062487602234,-0.033175140619277954,-0.011704584583640099,0.014901772119999912,-0.005268426746154377
