step_idx,timestamp,dt,heading_change_rad,step_length_m,x_m,y_m,var_x,var_y,neff,inside_map
0,1769183766.517175,2.0339508056640625,0.0,0.72,5.726354594717123,3.543769841678805,0.23305535613047745,0.2620843474364118,3907.0,1.0
1,1769183766.5673218,0.0496635437011718,0.002242739052353698,0.72,6.45277856846389,3.6137893609239122,0.2747544058095677,0.3905542019406327,4190.0,1.0
2,1769183766.617244,0.0498619079589843,0.0025956615273425646,0.72,7.179136814368595,3.72212055537502,0.32756605877262757,0.5754031615522179,4415.0,1.0
3,1769183766.6651769,0.0480506420135498,0.00021188286518732807,0.72,7.9052074806862,3.8730603367065317,0.39157497693404614,0.7919522354149828,4577.0,1.0
4,1769183766.7153409,0.0503380298614501,-0.0025327165001476845,0.72,8.630829195758093,4.061397470264519,0.466902965476918,1.00672337801959,4688.0,1.0
5,1769183766.7666888,0.0511581897735595,-0.0016560432833300567,0.72,9.356011586062223,4.274104258034187,0.5535099816097753,1.1900732874981936,4769.0,1.0
6,1769183766.8209534,0.0541753768920898,-0.0014515396218486992,0.72,10.080953584671185,4.4948460016312675,0.6510183080589129,1.3289190159495332,4814.0,1.0
7,1769183766.870293,0.0492963790893554,-0.002872438495395605,0.72,10.806020964874815,4.708636554377183,0.7585988040991223,1.4291192208852084,4769.0,1.0
8,1769183766.917982,0.0476834774017334,-0.0013412022913871086,0.72,11.531738052738685,4.904296984499407,0.8748555676405589,1.5079640833900636,4686.0,1.0
9,1769183766.9632142,0.045215368270874,0.0012734290745717025,0.72,12.258801670325465,5.074463280481962,0.9976542977536108,1.5846908680730691,4573.0,1.0
10,1769183767.0128903,0.049675703048706,0.0032680733043180046,0.72,12.988114408040854,5.214416136372844,1.1238567511196966,1.6741466279162172,4484.0,1.0
11,1769183767.0665982,0.0538396835327148,0.0020873341521583794,0.72,13.720775214552843,5.320944205239729,1.2490804010973668,1.7840543344941535,4362.0,1.0
12,1769183767.117015,0.0502796173095703,-0.00293915778906418,0.72,14.458010444914182,5.391692533840345,1.3675834174355321,1.9140198470773027,4263.0,1.0
13,1769183767.16277,0.0458142757415771,-0.003700958678155876,0.72,15.201099886418387,5.425013347248619,1.4721991482045373,2.0546661460580653,4176.0,1.0
14,1769183767.2129922,0.0507793426513671,0.0,0.72,15.951210796181137,5.420409819851404,1.5545920869407124,2.1874702436869224,3932.0,1.0
15,1769183767.276878,0.0638978481292724,0.0,0.72,16.708666664948105,5.37950198268889,1.6053633502564928,2.2867945812090196,3613.0,1.0
16,1769183767.3426638,0.0658810138702392,0.0,0.72,17.464622915595175,5.307325822397942,1.602247117128286,2.325237267287659,3289.0,1.0
17,1769183767.3950777,0.0528998374938964,0.0,0.72,18.160985514100066,5.2152742932213485,1.495183656109041,2.2853082035378116,2944.0,1.0
18,1769183767.4396806,0.0440616607666015,0.0,0.72,18.684393974036105,5.125946987346293,1.3402297208068283,2.1834026587426902,2622.0,1.0
19,1769183767.4946058,0.0552668571472168,0.0,0.72,18.97827852610479,5.077026410180574,1.3541640066722582,2.100807102096945,2310.0,1.0
20,1769183767.5409443,0.0496766567230224,0.0,0.72,19.02928568140981,5.144545798275651,1.7542656026782004,2.2349228326891284,2090.0,1.0
21,1769183767.6091585,0.0672414302825927,0.0,0.72,18.7453444246412,5.510006214524676,2.6128073795371147,2.9002375221608583,1840.0,1.0
22,1769183767.6641335,0.052079439163208,0.0,0.72,18.090366155791433,6.388536140567782,2.974969809461813,3.6043107566077826,1641.0,1.0
23,1769183767.7131548,0.0490083694458007,0.0,0.72,17.585354333700725,7.427053825045114,1.9205617813192486,2.714605821514846,1437.0,1.0
24,1769183767.764253,0.0511825084686279,0.0,0.72,17.631688118550233,8.053400935199432,1.0855286827695427,1.4152201864766467,1216.0,1.0
25,1769183767.8095138,0.0450925827026367,0.0,0.72,17.96611827240278,8.343377493806576,0.809055780224307,0.7933818517528274,1043.0,1.0
26,1769183767.8636887,0.05415940284729,0.0,0.72,18.343551147361456,8.498197759344627,0.6754212331406259,0.5684588991829753,860.0,1.0
27,1769183767.9213574,0.0579135417938232,0.0,0.72,18.671963845893643,8.604648500019232,0.5487177599982421,0.4822029248652472,734.0,1.0
28,1769183767.976897,0.0553765296936035,0.0,0.72,18.929940606100672,8.690525590027363,0.42679898788563,0.43936649766647773,640.0,1.0
29,1769183768.0300956,0.0531883239746093,0.0,0.72,19.123881410728018,8.764612843019961,0.32366509416155054,0.4104043332814271,576.0,1.0
30,1769183768.08135,0.0512535572052001,0.0,0.72,19.26824881389528,8.830134028932166,0.24347568650043938,0.38644386767766076,514.0,1.0
31,1769183768.1266072,0.0451722145080566,0.0,0.72,19.376832983913694,8.888675460335646,0.18332210625800413,0.3647888741207404,455.0,1.0
32,1769183768.1746416,0.0480284690856933,0.0,0.72,19.46020025092026,8.941325301082513,0.1383785372645858,0.34456833767515266,402.0,1.0
33,1769183768.2275698,0.0529394149780273,0.0,0.72,19.525764068119383,8.989046677869212,0.10431883980352245,0.32542458350138276,357.0,1.0
34,1769183768.2762628,0.048861026763916,0.0,0.72,19.578540716467757,9.032825722923851,0.07791071103381093,0.3071419982338466,312.0,1.0
35,1769183768.3225772,0.0461690425872802,0.0,0.72,19.62185936257402,9.073677976197953,0.05694005125734985,0.28966261068952004,275.0,1.0
36,1769183768.3839293,0.0614287853240966,0.0,0.72,19.65783820814661,9.11244167629986,0.04000408618326077,0.2733994959319656,244.0,1.0
37,1769183768.438841,0.0548348426818847,0.0,0.72,19.687638264444857,9.149328545169476,0.026335210368107206,0.25994223645266384,217.0,1.0
38,1769183768.492048,0.0534064769744873,0.0,0.72,19.711608519596915,9.183309035399029,0.015654675538007843,0.2536393342606963,190.0,1.0
39,1769183768.548201,0.0559985637664794,0.0,0.72,19.729520439147393,9.211140268817166,0.007975489605254944,0.2658023105284259,166.0,1.0
40,1769183768.597124,0.0489096641540527,0.0,0.72,19.741143376072312,9.225087230252745,0.0032525550116833573,0.3262732767208147,147.0,1.0
41,1769183768.6498988,0.0527863502502441,0.0,0.72,19.747137173240226,9.206394344517198,0.000980920971554148,0.5139646028934888,127.0,1.0
42,1769183768.700238,0.0504317283630371,0.0,0.72,19.74936824376724,9.106942475264773,0.00020099006968562737,1.0240125371056286,113.0,1.0
43,1769183768.7528365,0.0525071620941162,0.0,0.72,19.74991461907851,8.811448883593084,2.5271402434489852e-05,2.221153792445972,99.0,1.0
44,1769183768.798358,0.0453436374664306,0.0,0.72,19.74999398552959,8.126392391701883,1.667087881868589e-06,4.1896584373314445,91.0,1.0
45,1769183768.8532715,0.0551204681396484,0.0,0.72,19.749999829321645,7.011842081267845,4.467281178496436e-08,5.300873703553159,83.0,1.0
46,1769183768.9047956,0.0514461994171142,0.0,0.72,19.749999998749665,5.9235925157295615,3.2201251742309056e-10,3.9413845265668517,77.0,1.0
47,1769183768.9507527,0.0459413528442382,0.0,0.72,19.750000000015483,5.2864332677866,3.869493129231591e-12,2.019555926092468,70.0,1.0
48,1769183768.9945476,0.0437760353088378,0.0,0.72,19.750000000014026,5.023217379684079,3.5061976628021318e-12,0.9706904714896782,69.0,1.0
49,1769183769.0528502,0.058398962020874,0.0,0.72,19.750000000013504,4.9333828617537225,3.374819118895117e-12,0.5662933371964705,66.0,1.0
50,1769183769.1003208,0.0476424694061279,0.0,0.72,19.750000000013323,4.906825452371189,3.3307870213097616e-12,0.43011642664033073,66.0,1.0
51,1769183769.154017,0.0539596080780029,0.0,0.72,19.750000000013266,4.901093787429195,3.3165225449758927e-12,0.38672554724299346,63.0,1.0
52,1769183769.2048464,0.0503647327423095,0.0,0.72,19.750000000013248,4.901794223699918,3.3119487019007765e-12,0.3732119120765627,63.0,1.0
53,1769183769.256734,0.051884651184082,0.0,0.72,19.750000000013237,4.904313664864091,3.3104505800665283e-12,0.3689962061264437,62.0,1.0
54,1769183769.308935,0.0522234439849853,0.0,0.72,19.750000000013245,4.907225198862426,3.309915403561081e-12,0.36761834806623667,61.0,1.0
55,1769183769.3536315,0.0446345806121826,0.0,0.72,19.750000000013234,4.910104336280649,3.3096827346441574e-12,0.36709988763509627,59.0,1.0
56,1769183769.408032,0.0545518398284912,0.0,0.72,19.750000000013237,4.912834189560279,3.3095493236539657e-12,0.36684573089787853,58.0,1.0
57,1769183769.464008,0.0558688640594482,0.0,0.72,19.75000000001324,4.915389974264217,3.30945301421897e-12,0.36667909007741506,57.0,1.0
58,1769183769.5150025,0.0510473251342773,0.0,0.72,19.750000000013237,4.917773546391102,3.309374477371128e-12,0.36654749653711644,56.0,1.0
59,1769183769.5653892,0.0502943992614746,0.0,0.72,19.75000000001324,4.919993906144794,3.3093072370259316e-12,0.36643489750244684,55.0,1.0
60,1769183769.6110313,0.045659065246582,0.0,0.72,19.750000000013237,4.922061518541729,3.309248680648792e-12,0.36633581306344276,54.0,1.0
61,1769183769.6634593,0.0525243282318115,0.0,0.72,19.750000000013234,4.92398671352224,3.3091974003712977e-12,0.3662478531641854,53.0,1.0
62,1769183769.7117336,0.0482110977172851,0.0,0.72,19.75000000001324,4.92577926899078,3.309152411608667e-12,0.3661695775766829,52.0,1.0
63,1769183769.7584772,0.047159194946289,0.0,0.72,19.750000000013245,4.927448329527615,3.3091129200995222e-12,0.36609988622009515,50.0,1.0
64,1769183769.8157294,0.0567657947540283,0.0,0.72,19.750000000013237,4.929002418363304,3.3090782481977274e-12,0.3660378470139568,48.0,1.0
65,1769183769.858411,0.0427281856536865,0.0,0.72,19.750000000013237,4.930449470347029,3.3090478064160634e-12,0.36598263462236835,48.0,1.0
66,1769183769.9197917,0.0613203048706054,0.0,0.72,19.750000000013237,4.931796871444958,3.309021077646143e-12,0.36593351318170564,48.0,1.0
67,1769183769.9699004,0.0501329898834228,0.0,0.72,19.750000000013237,4.9330514964324355,3.3089976089252315e-12,0.36588982520988966,48.0,1.0
68,1769183770.0249145,0.0550065040588378,0.0,0.72,19.75000000001323,4.934219744113426,3.308977002541872e-12,0.36585098196056665,48.0,1.0
69,1769183770.0693371,0.0445344448089599,0.0,0.72,19.75000000001323,4.935307570486961,3.3089589093008316e-12,0.3658164565940907,48.0,1.0
70,1769183770.124504,0.055098533630371,0.0,0.72,19.750000000013245,4.936320519579982,3.3089430226076547e-12,0.3657857779669728,48.0,1.0
71,1769183770.186933,0.0623681545257568,0.0,0.72,19.75000000001324,4.937263752112049,3.3089290732734733e-12,0.3657585249946719,48.0,1.0
72,1769183770.238932,0.0520181655883789,0.0,0.72,19.75000000001324,4.938142072146005,3.3089168249526764e-12,0.365734321543673,48.0,1.0
73,1769183770.2868173,0.0478534698486328,0.0,0.72,19.750000000013237,4.938959951867728,3.308906070136519e-12,0.36571283181041825,48.0,1.0
74,1769183770.3397126,0.053032636642456,0.0,0.72,19.750000000013234,4.939721554628004,3.3088966266351073e-12,0.365693756146646,48.0,1.0
75,1769183770.3960235,0.0562574863433837,0.0,0.72,19.750000000013237,4.940430756370061,3.308888334488322e-12,0.3656768272929205,48.0,1.0
76,1769183770.4420605,0.0460431575775146,0.0,0.72,19.750000000013234,4.941091165557417,3.3088810532534554e-12,0.3656618069844859,48.0,1.0
77,1769183770.501526,0.0599603652954101,0.0,0.72,19.75000000001323,4.941706141708485,3.3088746596237065e-12,0.36564848289599317,48.0,1.0
78,1769183770.55507,0.0535778999328613,0.0,0.72,19.750000000013237,4.942278812636689,3.3088690453371757e-12,0.36563666589404364,48.0,1.0
79,1769183770.6090422,0.0537211894989013,0.0,0.72,19.750000000013237,4.942812090487711,3.308864115340986e-12,0.3656261875688491,48.0,1.0
80,1769183770.6552255,0.0468716621398925,0.0,0.72,19.750000000013237,4.943308686658955,3.3088597861794053e-12,0.365616898018581,48.0,1.0
81,1769183770.7088623,0.0527055263519287,0.0,0.72,19.750000000013237,4.943771125680058,3.3088559845786568e-12,0.3656086638621453,48.0,1.0
82,1769183770.7594175,0.0503780841827392,0.0,0.72,19.750000000013237,4.944201758127765,3.3088526462044203e-12,0.36560136645818403,48.0,1.0
83,1769183770.8132114,0.0540931224822998,0.0,0.72,19.750000000013237,4.944602772643077,3.3088497145709773e-12,0.3655949003100282,48.0,1.0
84,1769183770.8739123,0.0604245662689209,0.0,0.72,19.750000000013237,4.944976207113772,3.3088471400834603e-12,0.3655891716381354,48.0,1.0
85,1769183770.9252958,0.0516161918640136,0.0,0.72,19.750000000013234,4.945323959080891,3.3088448791970008e-12,0.36558409710322304,48.0,1.0
86,1769183770.9849231,0.0595502853393554,0.0,0.72,19.750000000013234,4.9456477954235645,3.3088428936784987e-12,0.36557960266486317,48.0,1.0
87,1769183771.0354056,0.050473928451538,0.0,0.72,19.75000000001323,4.945949361372676,3.308841149958474e-12,0.36557562256173215,48.0,1.0
88,1769183771.0978656,0.0625481605529785,0.0,0.72,19.75000000001323,4.946230188900289,3.3088396185620295e-12,0.3655720984010292,48.0,1.0
89,1769183771.1565022,0.0585298538208007,0.0,0.72,19.750000000013237,4.9464917045284205,3.308838273609256e-12,0.36556897834578184,48.0,1.0
90,1769183771.2095227,0.0530765056610107,0.0,0.72,19.750000000013237,4.946735236597618,3.308837092376603e-12,0.36556621638985665,48.0,1.0
91,1769183771.258829,0.0492279529571533,0.0,0.72,19.750000000013234,4.9469620220330315,3.3088360549117932e-12,0.3655637717115052,48.0,1.0
92,1769183771.3080604,0.049201488494873,0.0,0.72,19.750000000013237,4.947173212642859,3.30883514369571e-12,0.3655616080971789,48.0,1.0
93,1769183771.3578322,0.0509262084960937,0.0,0.72,19.750000000013237,4.947369880981761,3.308834343345561e-12,0.3655596934281884,48.0,1.0
94,1769183771.4122758,0.0534703731536865,0.0,0.72,19.750000000013237,4.947553025809393,3.3088336403542596e-12,0.3655579992235298,48.0,1.0
95,1769183771.4696703,0.0572509765625,0.0,0.72,19.750000000013237,4.947723577172194,3.3088330228616083e-12,0.3655565002328839,48.0,1.0
96,1769183771.51703,0.0474181175231933,0.0,0.72,19.750000000013237,4.947882401134531,3.3088324804534054e-12,0.36555517407441074,48.0,1.0
97,1769183771.5693662,0.0525944232940673,0.0,0.72,19.75000000001323,4.948030304183507,3.308832003985057e-12,0.3655540009125191,48.0,1.0
98,1769183771.615219,0.0455825328826904,0.0,0.72,19.750000000013237,4.948168037330043,3.3088315854267314e-12,0.36555296317129476,48.0,1.0
99,1769183771.673251,0.0580554008483886,0.0,0.72,19.750000000013237,4.948296299927206,3.3088312177273736e-12,0.3655520452797171,48.0,1.0
100,1769183771.7150326,0.0416896343231201,0.0,0.72,19.75000000001323,4.9484157432254054,3.3088308946953455e-12,0.3655512334452109,48.0,1.0
101,1769183771.7742412,0.0627698898315429,0.0,0.72,19.750000000013234,4.9485269736826005,3.3088306108936105e-12,0.36555051545243733,48.0,1.0
102,1769183771.835543,0.0582103729248046,0.0,0.72,19.75000000001323,4.948630556046452,3.3088303615477022e-12,0.36554988048456005,48.0,1.0
103,1769183771.885883,0.0498106479644775,0.0,0.72,19.750000000013237,4.948727016224195,3.3088301424649374e-12,0.3655493189645221,48.0,1.0
104,1769183771.9397204,0.0539226531982421,0.0,0.72,19.750000000013234,4.948816843954846,3.3088299499634664e-12,0.36554882241412456,48.0,1.0
105,1769183771.9907176,0.0511116981506347,0.0,0.72,19.750000000013237,4.948900495297434,3.308829780809993e-12,0.3655483833289456,48.0,1.0
106,1769183772.0409472,0.0502429008483886,0.0,0.72,19.750000000013237,4.9489783949479,3.308829632165079e-12,0.3655479950673437,48.0,1.0
107,1769183772.0896173,0.0486078262329101,0.0,0.72,19.75000000001324,4.949050938396517,3.308829501535134e-12,0.36554765175198156,48.0,1.0
108,1769183772.143132,0.0535078048706054,0.0,0.72,19.750000000013237,4.949118493936807,3.308829386730248e-12,0.3655473481824791,48.0,1.0
109,1769183772.195954,0.0527021884918212,0.0,0.72,19.75000000001323,4.949181404536198,3.308829285827176e-12,0.3655470797579532,48.0,1.0
110,1769183772.2388055,0.0428040027618408,0.0,0.72,19.750000000013237,4.949239989577947,3.308829197136835e-12,0.36554684240834,48.0,1.0
111,1769183772.28983,0.0510082244873046,0.0,0.72,19.75000000001323,4.949294546483192,3.308829119175762e-12,0.3655466325335154,48.0,1.0
112,1769183772.3399413,0.0502321720123291,0.0,0.72,19.750000000013237,4.949345352221416,3.3088290506410577e-12,0.36554644694933897,48.0,1.0
113,1769183772.390149,0.0501439571380615,0.0,0.72,19.750000000013237,4.949392664716961,3.308828990388382e-12,0.36554628283984325,48.0,1.0
114,1769183772.445062,0.0548746585845947,0.0,0.72,19.750000000013234,4.949436724158803,3.3088289374126326e-12,0.3655461377148748,48.0,1.0
115,1769183772.4879286,0.042947769165039,0.0,0.72,19.750000000013234,4.949477754220215,3.3088288908309835e-12,0.36554600937257364,48.0,1.0
116,1769183772.5488253,0.0608487129211425,0.0,0.72,19.750000000013237,4.949515963194527,3.30882884986799e-12,0.36554589586614206,48.0,1.0
117,1769183772.5905995,0.0417828559875488,0.0,0.72,19.750000000013227,4.949551545052758,3.3088288138424987e-12,0.3655457954744177,48.0,1.0
118,1769183772.650733,0.0600957870483398,0.0,0.72,19.75000000001323,4.949584680428527,3.308828782156181e-12,0.36554570667582165,48.0,1.0
119,1769183772.7015002,0.0507521629333496,0.0,0.72,19.750000000013237,4.949615537535179,3.3088287542834327e-12,0.36554562812529323,48.0,1.0
120,1769183772.7456222,0.0441348552703857,0.0,0.72,19.75000000001323,4.949644273019867,3.3088287297625176e-12,0.36554555863387606,48.0,1.0
121,1769183772.7969742,0.051478624343872,0.0,0.72,19.75000000001323,4.949671032758892,3.3088287081878047e-12,0.3655454971506532,48.0,1.0
122,1769183772.8480785,0.0513026714324951,0.0,0.72,19.750000000013237,4.949695952598317,3.3088286892029264e-12,0.36554544274675915,48.0,1.0
123,1769183772.896546,0.0482017993927001,0.0,0.72,19.75000000001323,4.949719159043675,3.3088286724947868e-12,0.3655453946012358,48.0,1.0
124,1769183772.950174,0.0536632537841796,0.0,0.72,19.750000000013234,4.949740769902245,3.3088286577882982e-12,0.3655453519885201,48.0,1.0
125,1769183772.9999807,0.0497176647186279,0.0,0.72,19.750000000013237,4.949760894881137,3.3088286448417516e-12,0.3655453142673758,48.0,1.0
126,1769183773.0546217,0.0551722049713134,0.0,0.72,19.750000000013234,4.949779636144264,3.3088286334427604e-12,0.36554528087110294,48.0,1.0
127,1769183773.1031091,0.0479400157928466,0.0,0.72,19.750000000013237,4.949797088831024,3.3088286234046943e-12,0.36554525129888255,48.0,1.0
128,1769183773.1565754,0.0535163879394531,0.0,0.72,19.750000000013237,4.949813341539289,3.308828614563543e-12,0.3655452251081196,48.0,1.0
129,1769183773.2074533,0.0508704185485839,0.0,0.72,19.750000000013237,4.949828476775199,3.3088286067751708e-12,0.3655452019076755,48.0,1.0
130,1769183773.257893,0.0503919124603271,0.0,0.72,19.750000000013237,4.949842571372018,3.308828599912897e-12,0.3655451813518834,48.0,1.0
131,1769183773.308411,0.0506083965301513,0.0,0.72,19.75000000001323,4.949855696880202,3.30882859386538e-12,0.3655451631352584,48.0,1.0
132,1769183773.351167,0.0426776409149169,0.0,0.72,19.75000000001323,4.949867919930625,3.3088285885347494e-12,0.3655451469878218,48.0,1.0
133,1769183773.4058144,0.0546724796295166,0.0,0.72,19.750000000013237,4.949879302572847,3.308828583834972e-12,0.3655451326709676,48.0,1.0
134,1769183773.4561243,0.0502917766571044,0.0,0.72,19.750000000013237,4.949889902590106,3.3088285796904127e-12,0.3655451199738101,48.0,1.0
135,1769183773.4981291,0.0419776439666748,0.0,0.72,19.75000000001324,4.949899773792671,3.3088285760345753e-12,0.3655451087099556,48.0,1.0
136,1769183773.5519726,0.0539414882659912,0.0,0.72,19.750000000013237,4.9499089662910025,3.308828572808987e-12,0.36554509871465,48.0,1.0
137,1769183773.6035638,0.0515129566192626,0.0,0.72,19.750000000013237,4.949917526750153,3.308828569962239e-12,0.3655450898422587,48.0,1.0
138,1769183773.6549225,0.0513901710510253,0.0,0.72,19.750000000013237,4.94992549862665,3.308828567449115e-12,0.3655450819640388,48.0,1.0
139,1769183773.705195,0.0503211021423339,0.0,0.72,19.750000000013234,4.949932922389115,3.3088285652298476e-12,0.3655450749661715,48.0,1.0
140,1769183773.759048,0.0538854598999023,0.0,0.72,19.75000000001323,4.949939835723694,3.308828563269458e-12,0.3655450687480243,48.0,1.0
141,1769183773.8102024,0.0510239601135253,0.0,0.72,19.75000000001323,4.9499462737253825,3.308828561537176e-12,0.36554506322061453,48.0,1.0
142,1769183773.8601491,0.049943208694458,0.0,0.72,19.75000000001324,4.9499522690761735,3.30882856000593e-12,0.365545058305253,48.0,1.0
143,1769183773.9104624,0.0504920482635498,0.0,0.72,19.75000000001324,4.949957852210969,3.308828558651899e-12,0.3655450539323454,48.0,1.0
144,1769183773.9574776,0.0468747615814209,0.0,0.72,19.750000000013237,4.949963051472088,3.3088285574541164e-12,0.3655450500403335,48.0,1.0
145,1769183774.0142865,0.0569045543670654,0.0,0.72,19.750000000013237,4.949967893253147,3.308828556394137e-12,0.3655450465747603,48.0,1.0
146,1769183774.0641537,0.0498275756835937,0.0,0.72,19.750000000013234,4.949972402133028,3.308828555455716e-12,0.36554504348744354,48.0,1.0
147,1769183774.107185,0.0429856777191162,0.0,0.72,19.75000000001323,4.949976601000681,3.3088285546245553e-12,0.36554504073574645,48.0,1.0
148,1769183774.161004,0.0538196563720703,0.0,0.72,19.750000000013237,4.949980511171292,3.3088285538880673e-12,0.36554503828193324,48.0,1.0
149,1769183774.2063327,0.0453922748565673,0.0,0.72,19.750000000013234,4.949984152494499,3.30882855323516e-12,0.36554503609259886,48.0,1.0
150,1769183774.2651696,0.0589222908020019,0.0,0.72,19.75000000001324,4.9499875434551655,3.308828552656069e-12,0.36554503413816797,48.0,1.0
151,1769183774.3195767,0.0542795658111572,0.0,0.72,19.750000000013237,4.9499907012671995,3.308828552142187e-12,0.3655450323924487,48.0,1.0
152,1769183774.3696496,0.050067663192749,0.0,0.72,19.750000000013237,4.949993641960958,3.3088285516859307e-12,0.36554503083224166,48.0,1.0
153,1769183774.420725,0.0513238906860351,0.0,0.72,19.75000000001323,4.949996380464611,3.30882855128062e-12,0.36554502943699313,48.0,1.0
154,1769183774.470791,0.0499367713928222,0.0,0.72,19.750000000013237,4.949998930679929,3.308828550920363e-12,0.36554502818848883,48.0,1.0
155,1769183774.5236757,0.0528063774108886,0.0,0.72,19.75000000001323,4.950001305552851,3.308828550599962e-12,0.3655450270705829,48.0,1.0
156,1769183774.5699718,0.0466728210449218,0.0,0.72,19.750000000013237,4.9500035171392085,3.3088285503148393e-12,0.3655450260689599,48.0,1.0
157,1769183774.6263342,0.056070327758789,0.0,0.72,19.750000000013237,4.950005576665917,3.3088285500609494e-12,0.3655450251709227,48.0,1.0
158,1769183774.6709182,0.0444979667663574,0.0,0.72,19.75000000001323,4.950007494587981,3.3088285498347264e-12,0.36554502436520686,48.0,1.0
159,1769183774.720102,0.0491149425506591,0.0,0.72,19.750000000013237,4.9500092806415585,3.3088285496330235e-12,0.3655450236418154,48.0,1.0
160,1769183774.7730792,0.0529859066009521,0.0,0.72,19.750000000013237,4.950010943893389,3.308828549453059e-12,0.36554502299187297,48.0,1.0
161,1769183774.820258,0.0472302436828613,0.0,0.72,19.750000000013234,4.950012492786818,3.308828549292377e-12,0.36554502240749737,48.0,1.0
162,1769183774.873525,0.0533514022827148,0.0,0.72,19.750000000013237,4.950013935184666,3.308828549148812e-12,0.36554502188168614,48.0,1.0
163,1769183774.92518,0.0518410205841064,0.0,0.72,19.750000000013237,4.950015278409131,3.3088285490204434e-12,0.3655450214082151,48.0,1.0
164,1769183774.9814963,0.0560061931610107,0.0,0.72,19.75000000001323,4.95001652927897,3.3088285489055764e-12,0.3655450209815503,48.0,1.0
165,1769183775.0289671,0.0478653907775878,0.0,0.72,19.750000000013237,4.950017694144114,3.3088285488027143e-12,0.3655450205967692,48.0,1.0
166,1769183775.0784862,0.049065351486206,0.0,0.72,19.750000000013237,4.950018778917893,3.308828548710529e-12,0.36554502024949087,48.0,1.0
167,1769183775.1278772,0.0494825839996337,0.0,0.72,19.75000000001323,4.950019789107056,3.3088285486278456e-12,0.3655450199358149,48.0,1.0
168,1769183775.1739223,0.0459673404693603,0.0,0.72,19.75000000001323,4.9500207298397445,3.3088285485536264e-12,0.36554501965226693,48.0,1.0
169,1769183775.2243772,0.0505464076995849,0.0,0.72,19.75000000001323,4.950021605891499,3.3088285484869503e-12,0.36554501939575046,48.0,1.0
170,1769183775.273965,0.0494947433471679,0.0,0.72,19.750000000013237,4.950022421709518,3.3088285484270007e-12,0.36554501916350435,48.0,1.0
171,1769183775.3308983,0.0569188594818115,0.0,0.72,19.75000000001323,4.950023181435222,3.308828548373052e-12,0.3655450189530649,48.0,1.0
172,1769183775.3748643,0.0439388751983642,0.0,0.72,19.750000000013237,4.950023888925295,3.3088285483244642e-12,0.36554501876223355,48.0,1.0
173,1769183775.4244728,0.0496530532836914,0.0,0.72,19.750000000013237,4.9500245477712435,3.308828548280668e-12,0.365545018589046,48.0,1.0
174,1769183775.4738128,0.0492944717407226,0.0,0.72,19.75000000001323,4.950025161317635,3.308828548241152e-12,0.3655450184317465,48.0,1.0
175,1769183775.5358005,0.062241792678833,0.0,0.72,19.750000000013237,4.950025732679088,3.308828548205473e-12,0.36554501828876584,48.0,1.0
176,1769183775.5842988,0.0485212802886962,0.0,0.72,19.750000000013237,4.9500262647560636,3.3088285481732267e-12,0.36554501815869883,48.0,1.0
177,1769183775.627349,0.0428133010864257,0.0,0.72,19.750000000013245,4.950026760249603,3.3088285481440613e-12,0.36554501804028794,48.0,1.0
178,1769183775.682114,0.0549695491790771,0.0,0.72,19.75000000001323,4.950027221675028,3.3088285481176533e-12,0.36554501793240557,48.0,1.0
179,1769183775.7306862,0.0485920906066894,0.0,0.72,19.750000000013237,4.950027651374731,3.3088285480937277e-12,0.3655450178340419,48.0,1.0
180,1769183775.7849002,0.0547902584075927,0.0,0.72,19.750000000013237,4.9500280515300386,3.3088285480720295e-12,0.3655450177442897,48.0,1.0
181,1769183775.8303652,0.0447807312011718,0.0,0.72,19.750000000013234,4.950028424172303,3.308828548052334e-12,0.36554501766233516,48.0,1.0
182,1769183775.8794425,0.0490241050720214,0.0,0.72,19.750000000013237,4.95002877119321,3.308828548034443e-12,0.3655450175874467,48.0,1.0
183,1769183775.9312322,0.0518867969512939,0.0,0.72,19.750000000013234,4.950029094354377,3.308828548018175e-12,0.3655450175189662,48.0,1.0
184,1769183775.979791,0.0485398769378662,0.0,0.72,19.750000000013237,4.950029395296305,3.308828548003373e-12,0.36554501745630213,48.0,1.0
185,1769183776.034274,0.0543856620788574,0.0,0.72,19.750000000013237,4.950029675546695,3.3088285479898923e-12,0.3655450173989213,48.0,1.0
186,1769183776.0839176,0.0496134757995605,0.0,0.72,19.750000000013237,4.950029936528215,3.308828547977606e-12,0.3655450173463431,48.0,1.0
187,1769183776.129691,0.0457243919372558,0.0,0.72,19.750000000013234,4.950030179565712,3.3088285479663976e-12,0.36554501729813427,48.0,1.0
188,1769183776.1793344,0.0495326519012451,0.0,0.72,19.75000000001324,4.950030405892948,3.3088285479561685e-12,0.36554501725390387,48.0,1.0
189,1769183776.2291248,0.049842357635498,0.0,0.72,19.750000000013237,4.950030616658845,3.3088285479468203e-12,0.3655450172132982,48.0,1.0
190,1769183776.279434,0.050236701965332,0.0,0.72,19.75000000001323,4.95003081293334,3.308828547938274e-12,0.36554501717599786,48.0,1.0
191,1769183776.3325891,0.053255558013916,0.0,0.72,19.750000000013227,4.950030995712804,3.308828547930454e-12,0.36554501714171367,48.0,1.0
192,1769183776.383115,0.0504839420318603,0.0,0.72,19.750000000013237,4.950031165925101,3.3088285479232953e-12,0.3655450171101843,48.0,1.0
193,1769183776.4367156,0.0536661148071289,0.0,0.72,19.750000000013237,4.9500313244342955,3.308828547916736e-12,0.3655450170811722,48.0,1.0
194,1769183776.4867127,0.0499341487884521,0.0,0.72,19.750000000013237,4.950031472045046,3.3088285479107216e-12,0.3655450170544622,48.0,1.0
195,1769183776.529941,0.0432825088500976,0.0,0.72,19.750000000013237,4.950031609506685,3.308828547905204e-12,0.3655450170298591,48.0,1.0
196,1769183776.5800104,0.0500810146331787,0.0,0.72,19.750000000013234,4.950031737517024,3.3088285479001375e-12,0.3655450170071853,48.0,1.0
197,1769183776.6335552,0.0534942150115966,0.0,0.72,19.750000000013234,4.950031856725894,3.3088285478954834e-12,0.3655450169862795,48.0,1.0
198,1769183776.6834805,0.0498595237731933,0.0,0.72,19.750000000013234,4.950031967738452,3.308828547891206e-12,0.36554501696699526,48.0,1.0
199,1769183776.7372468,0.0538513660430908,0.0,0.72,19.750000000013237,4.950032071118239,3.308828547887271e-12,0.36554501694919855,48.0,1.0
200,1769183776.7871747,0.0499286651611328,0.0,0.72,19.750000000013234,4.950032167390054,3.30882854788365e-12,0.36554501693276775,48.0,1.0
201,1769183776.8303766,0.0431690216064453,0.0,0.72,19.75000000001323,4.950032257042613,3.308828547880315e-12,0.36554501691759167,48.0,1.0
202,1769183776.883823,0.0534965991973876,0.0,0.72,19.750000000013237,4.950032340531029,3.308828547877244e-12,0.3655450169035692,48.0,1.0
203,1769183776.9340212,0.0502057075500488,0.0,0.72,19.750000000013237,4.950032418279124,3.3088285478744133e-12,0.3655450168906076,48.0,1.0
204,1769183776.9860687,0.0520448684692382,0.0,0.72,19.750000000013234,4.950032490681576,3.3088285478718013e-12,0.365545016878622,48.0,1.0
205,1769183777.0379958,0.0519330501556396,0.0,0.72,19.750000000013237,4.950032558105933,3.308828547869393e-12,0.36554501686753565,48.0,1.0
206,1769183777.0876205,0.0495555400848388,0.0,0.72,19.750000000013237,4.950032620894467,3.30882854786717e-12,0.36554501685727714,48.0,1.0
207,1769183777.1306393,0.0430364608764648,0.0,0.72,19.750000000013234,4.950032679365915,3.3088285478651156e-12,0.36554501684778173,48.0,1.0
208,1769183777.184192,0.0534741878509521,0.0,0.72,19.750000000013237,4.950032733817109,3.3088285478632197e-12,0.3655450168389902,48.0,1.0
209,1769183777.2342956,0.0501766204833984,0.0,0.72,19.75000000001323,4.950032784524458,3.3088285478614652e-12,0.36554501683084767,48.0,1.0
210,1769183777.2843184,0.0499448776245117,0.0,0.72,19.750000000013234,4.95003283174538,3.3088285478598448e-12,0.3655450168233044,48.0,1.0
211,1769183777.330918,0.0466730594635009,0.0,0.72,19.750000000013237,4.950032875719584,3.3088285478583463e-12,0.36554501681631446,48.0,1.0
212,1769183777.3809838,0.0500524044036865,0.0,0.72,19.750000000013237,4.950032916670302,3.30882854785696e-12,0.3655450168098355,48.0,1.0
213,1769183777.4310546,0.050142765045166,0.0,0.72,19.750000000013237,4.950032954805415,3.3088285478556757e-12,0.36554501680382867,48.0,1.0
214,1769183777.4845712,0.053553819656372,0.0,0.72,19.75000000001324,4.950032990318515,3.3088285478544883e-12,0.3655450167982583,48.0,1.0
215,1769183777.534831,0.0502760410308837,0.0,0.72,19.750000000013237,4.950033023389876,3.308828547853387e-12,0.3655450167930915,48.0,1.0
216,1769183777.584905,0.0500214099884033,0.0,0.72,19.750000000013237,4.950033054187388,3.3088285478523674e-12,0.3655450167882982,48.0,1.0
217,1769183777.6313884,0.0464184284210205,0.0,0.72,19.750000000013237,4.950033082867389,3.308828547851423e-12,0.36554501678385043,48.0,1.0
218,1769183777.6810584,0.0496366024017334,0.0,0.72,19.75000000001324,4.950033109575471,3.308828547850548e-12,0.3655450167797225,48.0,1.0
219,1769183777.731553,0.0505199432373046,0.0,0.72,19.750000000013237,4.950033134447212,3.3088285478497352e-12,0.36554501677589063,48.0,1.0
220,1769183777.784511,0.0529165267944335,0.0,0.72,19.750000000013237,4.950033157608875,3.308828547848983e-12,0.3655450167723332,48.0,1.0
221,1769183777.8353755,0.0509440898895263,0.0,0.72,19.750000000013237,4.950033179178038,3.3088285478482844e-12,0.36554501676902984,48.0,1.0
222,1769183777.8887303,0.0533747673034668,0.0,0.72,19.750000000013234,4.95003319926419,3.3088285478476366e-12,0.36554501676596185,48.0,1.0
223,1769183777.9296584,0.0409481525421142,0.0,0.72,19.750000000013237,4.950033217969305,3.3088285478470356e-12,0.3655450167631124,48.0,1.0
224,1769183777.9810472,0.0512678623199462,0.0,0.72,19.750000000013237,4.9500332353883305,3.3088285478464774e-12,0.3655450167604653,48.0,1.0
225,1769183778.0319736,0.0510296821594238,0.0,0.72,19.75000000001323,4.950033251609694,3.3088285478459596e-12,0.36554501675800577,48.0,1.0
226,1769183778.0855634,0.0536012649536132,0.0,0.72,19.750000000013234,4.950033266715745,3.3088285478454794e-12,0.3655450167557205,48.0,1.0
227,1769183778.1357827,0.0501501560211181,0.0,0.72,19.75000000001323,4.950033280783165,3.308828547845033e-12,0.36554501675359674,48.0,1.0
228,1769183778.189202,0.0534021854400634,0.0,0.72,19.750000000013237,4.950033293883367,3.3088285478446187e-12,0.3655450167516229,48.0,1.0
229,1769183778.229659,0.0404925346374511,0.0,0.72,19.750000000013237,4.950033306082852,3.3088285478442334e-12,0.365545016749788,48.0,1.0
230,1769183778.2810793,0.0513451099395751,0.0,0.72,19.750000000013237,4.950033317443551,3.308828547843876e-12,0.3655450167480824,48.0,1.0
231,1769183778.332391,0.0514118671417236,0.0,0.72,19.75000000001323,4.950033328023132,3.3088285478435427e-12,0.36554501674649653,48.0,1.0
232,1769183778.385954,0.0535111427307128,0.0,0.72,19.750000000013237,4.9500333378753085,3.308828547843235e-12,0.36554501674502216,48.0,1.0
233,1769183778.436059,0.0501763820648193,0.0,0.72,19.750000000013237,4.950033347050089,3.308828547842948e-12,0.36554501674365125,48.0,1.0
234,1769183778.4895778,0.0535199642181396,0.0,0.72,19.750000000013237,4.950033355594046,3.3088285478426808e-12,0.36554501674237605,48.0,1.0
235,1769183778.5296354,0.0401358604431152,0.0,0.72,19.75000000001323,4.950033363550555,3.3088285478424324e-12,0.3655450167411903,48.0,1.0
236,1769183778.5811236,0.0514140129089355,0.0,0.72,19.750000000013237,4.950033370960011,3.3088285478422013e-12,0.36554501674008744,48.0,1.0
237,1769183778.6328225,0.0516512393951416,0.0,0.72,19.75000000001323,4.95003337786002,3.3088285478419877e-12,0.3655450167390617,48.0,1.0
238,1769183778.6863482,0.0534725189208984,0.0,0.72,19.750000000013234,4.950033384285614,3.308828547841788e-12,0.36554501673810746,48.0,1.0
239,1769183778.7364855,0.0501978397369384,0.0,0.72,19.75000000001323,4.950033390269409,3.3088285478416024e-12,0.36554501673721973,48.0,1.0
240,1769183778.789975,0.0534710884094238,0.0,0.72,19.750000000013237,4.950033395841786,3.3088285478414315e-12,0.36554501673639406,48.0,1.0
241,1769183778.8400846,0.0501883029937744,0.0,0.72,19.750000000013237,4.950033401031028,3.308828547841271e-12,0.3655450167356257,48.0,1.0
242,1769183778.881605,0.0414872169494628,0.0,0.72,19.750000000013237,4.950033405863477,3.3088285478411217e-12,0.36554501673491085,48.0,1.0
243,1769183778.9365718,0.0550026893615722,0.0,0.72,19.750000000013234,4.950033410363667,3.3088285478409824e-12,0.3655450167342456,48.0,1.0
244,1769183778.986642,0.0501041412353515,0.0,0.72,19.750000000013237,4.9500334145544445,3.3088285478408543e-12,0.3655450167336268,48.0,1.0
245,1769183779.0381382,0.0514469146728515,0.0,0.72,19.750000000013237,4.95003341845708,3.308828547840734e-12,0.36554501673305084,48.0,1.0
246,1769183779.0879636,0.049769639968872,0.0,0.72,19.750000000013234,4.950033422091385,3.3088285478406217e-12,0.3655450167325148,48.0,1.0
247,1769183779.1344862,0.0465171337127685,0.0,0.72,19.75000000001323,4.9500334254758105,3.3088285478405175e-12,0.365545016732016,48.0,1.0
248,1769183779.1845074,0.0499763488769531,0.0,0.72,19.750000000013234,4.9500334286275365,3.308828547840421e-12,0.3655450167315518,48.0,1.0
249,1769183779.2346237,0.0501608848571777,0.0,0.72,19.75000000001323,4.950033431562565,3.3088285478403317e-12,0.3655450167311198,48.0,1.0
250,1769183779.2881634,0.0534834861755371,0.0,0.72,19.750000000013234,4.950033434295792,3.3088285478402485e-12,0.3655450167307177,48.0,1.0
251,1769183779.3382435,0.0501399040222168,0.0,0.72,19.750000000013237,4.950033436841092,3.30882854784017e-12,0.36554501673034345,48.0,1.0
252,1769183779.3882885,0.0500092506408691,0.0,0.72,19.750000000013237,4.950033439211389,3.3088285478400987e-12,0.36554501672999534,48.0,1.0
253,1769183779.4353757,0.0473721027374267,0.0,0.72,19.75000000001324,4.950033441418714,3.3088285478400312e-12,0.365545016729671,48.0,1.0
254,1769183779.485782,0.050344705581665,0.0,0.72,19.75000000001323,4.95003344347427,3.3088285478399674e-12,0.3655450167293691,48.0,1.0
255,1769183779.5362527,0.0508108139038085,0.0,0.72,19.750000000013234,4.950033445388497,3.3088285478399092e-12,0.3655450167290882,48.0,1.0
256,1769183779.5884104,0.0520482063293457,0.0,0.72,19.75000000001324,4.95003344717111,3.308828547839856e-12,0.3655450167288267,48.0,1.0
257,1769183779.640373,0.0519213676452636,0.0,0.72,19.750000000013237,4.950033448831157,3.3088285478398042e-12,0.3655450167285832,48.0,1.0
258,1769183779.686697,0.0461838245391845,0.0,0.72,19.75000000001323,4.950033450377064,3.3088285478397566e-12,0.3655450167283565,48.0,1.0
259,1769183779.7369344,0.0503070354461669,0.0,0.72,19.750000000013234,4.950033451816683,3.308828547839713e-12,0.36554501672814554,48.0,1.0
260,1769183779.7867355,0.0497462749481201,0.0,0.72,19.750000000013237,4.950033453157319,3.308828547839673e-12,0.36554501672794926,48.0,1.0
261,1769183779.837148,0.0504870414733886,0.0,0.72,19.75000000001323,4.950033454405778,3.3088285478396338e-12,0.3655450167277663,48.0,1.0
262,1769183779.887059,0.0499489307403564,0.0,0.72,19.750000000013234,4.9500334555683985,3.3088285478395986e-12,0.365545016727596,48.0,1.0
263,1769183779.9405231,0.0534620285034179,0.0,0.72,19.750000000013237,4.950033456651083,3.308828547839566e-12,0.3655450167274376,48.0,1.0
264,1769183779.9904437,0.0497844219207763,0.0,0.72,19.75000000001323,4.950033457659324,3.3088285478395352e-12,0.36554501672729,48.0,1.0
265,1769183780.0374637,0.0472681522369384,0.0,0.72,19.750000000013237,4.950033458598245,3.308828547839507e-12,0.36554501672715267,48.0,1.0
266,1769183780.0874608,0.0499014854431152,0.0,0.72,19.750000000013237,4.950033459472609,3.308828547839481e-12,0.3655450167270248,48.0,1.0
267,1769183780.1378057,0.0503067970275878,0.0,0.72,19.750000000013237,4.950033460286855,3.3088285478394565e-12,0.36554501672690565,48.0,1.0
268,1769183780.1876729,0.0497667789459228,0.0,0.72,19.750000000013237,4.950033461045116,3.3088285478394334e-12,0.36554501672679485,48.0,1.0
269,1769183780.2418242,0.0542404651641845,0.0,0.72,19.750000000013234,4.950033461751243,3.3088285478394116e-12,0.3655450167266915,48.0,1.0
270,1769183780.2913263,0.0494980812072753,0.0,0.72,19.750000000013234,4.950033462408818,3.3088285478393906e-12,0.36554501672659534,48.0,1.0
271,1769183780.3380249,0.0467119216918945,0.0,0.72,19.750000000013237,4.9500334630211835,3.308828547839373e-12,0.36554501672650597,48.0,1.0
272,1769183780.3879497,0.0498740673065185,0.0,0.72,19.75000000001323,4.950033463591442,3.3088285478393543e-12,0.3655450167264225,48.0,1.0
273,1769183780.438297,0.0504393577575683,0.0,0.72,19.750000000013237,4.9500334641224955,3.308828547839339e-12,0.365545016726345,48.0,1.0
274,1769183780.4917293,0.0533947944641113,0.0,0.72,19.750000000013237,4.950033464617035,3.3088285478393244e-12,0.3655450167262728,48.0,1.0
275,1769183780.5384836,0.0468482971191406,0.0,0.72,19.750000000013234,4.950033465077571,3.30882854783931e-12,0.36554501672620554,48.0,1.0
276,1769183780.5927403,0.0541987419128418,0.0,0.72,19.750000000013234,4.950033465506442,3.308828547839297e-12,0.3655450167261429,48.0,1.0
277,1769183780.6429508,0.0501401424407959,0.0,0.72,19.750000000013237,4.950033465905827,3.308828547839285e-12,0.36554501672608464,48.0,1.0
278,1769183780.6889825,0.0459430217742919,0.0,0.72,19.750000000013234,4.950033466277749,3.3088285478392735e-12,0.36554501672603024,48.0,1.0
279,1769183780.7394428,0.0505526065826416,0.0,0.72,19.750000000013237,4.950033466624104,3.308828547839264e-12,0.36554501672597983,48.0,1.0
280,1769183780.789434,0.049997329711914,0.0,0.72,19.750000000013237,4.950033466946642,3.308828547839254e-12,0.36554501672593276,48.0,1.0
281,1769183780.8435647,0.0541894435882568,0.0,0.72,19.75000000001323,4.950033467247002,3.3088285478392436e-12,0.3655450167258888,48.0,1.0
282,1769183780.8900826,0.0465312004089355,0.0,0.72,19.750000000013234,4.950033467526713,3.3088285478392355e-12,0.365545016725848,48.0,1.0
283,1769183780.9434474,0.0532858371734619,0.0,0.72,19.75000000001324,4.950033467787192,3.308828547839229e-12,0.3655450167258101,48.0,1.0
284,1769183780.9957795,0.0525019168853759,0.0,0.72,19.750000000013237,4.950033468029761,3.308828547839221e-12,0.3655450167257746,48.0,1.0
285,1769183781.0497434,0.0535433292388916,0.0,0.72,19.750000000013237,4.950033468255652,3.3088285478392145e-12,0.3655450167257417,48.0,1.0
286,1769183781.097999,0.0481977462768554,0.0,0.72,19.750000000013234,4.950033468466012,3.3088285478392073e-12,0.36554501672571094,48.0,1.0
287,1769183781.1410153,0.0429973602294921,0.0,0.72,19.750000000013234,4.950033468661908,3.3088285478392016e-12,0.3655450167256824,48.0,1.0
288,1769183781.19455,0.0534808635711669,0.0,0.72,19.75000000001323,4.950033468844335,3.308828547839196e-12,0.36554501672565576,48.0,1.0
289,1769183781.2447402,0.0502803325653076,0.0,0.72,19.750000000013237,4.950033469014221,3.308828547839191e-12,0.365545016725631,48.0,1.0
290,1769183781.298206,0.0534069538116455,0.0,0.72,19.750000000013237,4.950033469172425,3.308828547839187e-12,0.3655450167256079,48.0,1.0
291,1769183781.3413277,0.0431556701660156,0.0,0.72,19.750000000013234,4.950033469319749,3.308828547839182e-12,0.3655450167255864,48.0,1.0
292,1769183781.3914032,0.0500810146331787,0.0,0.72,19.75000000001324,4.950033469456948,3.3088285478391786e-12,0.3655450167255665,48.0,1.0
293,1769183781.4410994,0.0497453212738037,0.0,0.72,19.750000000013237,4.95003346958471,3.308828547839174e-12,0.36554501672554784,48.0,1.0
294,1769183781.4950724,0.0539250373840332,0.0,0.72,19.75000000001324,4.950033469703691,3.3088285478391713e-12,0.3655450167255305,48.0,1.0
295,1769183781.5452964,0.0503022670745849,0.0,0.72,19.750000000013237,4.950033469814488,3.308828547839167e-12,0.3655450167255142,48.0,1.0
296,1769183781.5987425,0.0534157752990722,0.0,0.72,19.750000000013237,4.950033469917669,3.3088285478391636e-12,0.3655450167254992,48.0,1.0
297,1769183781.6417582,0.042966604232788,0.0,0.72,19.750000000013237,4.950033470013755,3.3088285478391612e-12,0.3655450167254853,48.0,1.0
298,1769183781.6917765,0.0499377250671386,0.0,0.72,19.750000000013234,4.950033470103235,3.3088285478391588e-12,0.3655450167254721,48.0,1.0
299,1769183781.7445643,0.0529229640960693,0.0,0.72,19.750000000013234,4.950033470186563,3.308828547839156e-12,0.36554501672545997,48.0,1.0
300,1769183781.7954187,0.0507552623748779,0.0,0.72,19.750000000013237,4.950033470264161,3.3088285478391548e-12,0.3655450167254487,48.0,1.0
301,1769183781.845504,0.0501208305358886,0.0,0.72,19.75000000001324,4.950033470336425,3.3088285478391523e-12,0.3655450167254382,48.0,1.0
302,1769183781.899114,0.0536639690399169,0.0,0.72,19.750000000013237,4.950033470403719,3.30882854783915e-12,0.3655450167254284,48.0,1.0
303,1769183781.9492805,0.0501718521118164,0.0,0.72,19.750000000013237,4.950033470466386,3.3088285478391467e-12,0.36554501672541917,48.0,1.0
304,1769183781.9992838,0.0498855113983154,0.0,0.72,19.750000000013237,4.950033470524744,3.308828547839145e-12,0.36554501672541073,48.0,1.0
305,1769183782.042562,0.0433969497680664,0.0,0.72,19.750000000013234,4.95003347057909,3.3088285478391434e-12,0.36554501672540274,48.0,1.0
306,1769183782.0960276,0.053455114364624,0.0,0.72,19.75000000001323,4.9500334706297,3.3088285478391414e-12,0.3655450167253953,48.0,1.0
307,1769183782.146071,0.0499906539916992,0.0,0.72,19.75000000001323,4.950033470676829,3.30882854783914e-12,0.3655450167253884,48.0,1.0
308,1769183782.1995862,0.0534629821777343,0.0,0.72,19.750000000013237,4.950033470720719,3.3088285478391386e-12,0.3655450167253821,48.0,1.0
309,1769183782.2497933,0.0502769947052001,0.0,0.72,19.75000000001323,4.950033470761591,3.3088285478391378e-12,0.3655450167253761,48.0,1.0
310,1769183782.2896898,0.0397984981536865,0.0,0.72,19.750000000013237,4.950033470799653,3.308828547839137e-12,0.36554501672537054,48.0,1.0
311,1769183782.3445635,0.0549943447113037,0.0,0.72,19.750000000013237,4.950033470835098,3.3088285478391366e-12,0.36554501672536543,48.0,1.0
312,1769183782.3965058,0.0519139766693115,0.0,0.72,19.750000000013234,4.950033470868106,3.3088285478391354e-12,0.36554501672536055,48.0,1.0
313,1769183782.446864,0.0504114627838134,0.0,0.72,19.750000000013234,4.950033470898843,3.3088285478391337e-12,0.3655450167253561,48.0,1.0
314,1769183782.5004246,0.0535423755645751,0.0,0.72,19.750000000013234,4.950033470927467,3.3088285478391325e-12,0.3655450167253519,48.0,1.0
315,1769183782.551292,0.0511093139648437,0.0,0.72,19.75000000001323,4.950033470954125,3.308828547839132e-12,0.36554501672534806,48.0,1.0
316,1769183782.6006076,0.0490455627441406,0.0,0.72,19.750000000013234,4.950033470978948,3.3088285478391313e-12,0.36554501672534445,48.0,1.0
317,1769183782.645614,0.0450217723846435,0.0,0.72,19.750000000013237,4.950033471002066,3.3088285478391313e-12,0.3655450167253411,48.0,1.0
318,1769183782.697235,0.0515258312225341,0.0,0.72,19.750000000013237,4.950033471023594,3.3088285478391297e-12,0.3655450167253379,48.0,1.0
319,1769183782.7474089,0.0502731800079345,0.0,0.72,19.75000000001323,4.950033471043639,3.3088285478391297e-12,0.3655450167253349,48.0,1.0
320,1769183782.8009648,0.0535485744476318,0.0,0.72,19.750000000013237,4.9500334710623095,3.308828547839129e-12,0.36554501672533224,48.0,1.0
321,1769183782.8511329,0.0502347946166992,0.0,0.72,19.750000000013237,4.950033471079696,3.308828547839129e-12,0.3655450167253298,48.0,1.0
322,1769183782.9011748,0.0499899387359619,0.0,0.72,19.750000000013237,4.950033471095887,3.3088285478391285e-12,0.3655450167253274,48.0,1.0
323,1769183782.941617,0.0404562950134277,0.0,0.72,19.750000000013237,4.950033471110963,3.308828547839128e-12,0.36554501672532524,48.0,1.0
324,1769183782.9978428,0.056429386138916,0.0,0.72,19.750000000013234,4.9500334711250025,3.308828547839127e-12,0.36554501672532314,48.0,1.0
325,1769183783.0483265,0.0503222942352294,0.0,0.72,19.75000000001323,4.950033471138076,3.3088285478391257e-12,0.36554501672532114,48.0,1.0
326,1769183783.101508,0.0530729293823242,0.0,0.72,19.750000000013234,4.950033471150254,3.3088285478391265e-12,0.36554501672531947,48.0,1.0
327,1769183783.1516109,0.0501182079315185,0.0,0.72,19.75000000001323,4.950033471161591,3.3088285478391257e-12,0.3655450167253177,48.0,1.0
328,1769183783.1946397,0.0429537296295166,0.0,0.72,19.75000000001323,4.950033471172151,3.3088285478391257e-12,0.36554501672531625,48.0,1.0
329,1769183783.2448506,0.050290822982788,0.0,0.72,19.75000000001323,4.950033471181984,3.308828547839124e-12,0.3655450167253147,48.0,1.0
330,1769183783.2983582,0.0534594058990478,0.0,0.72,19.750000000013237,4.9500334711911425,3.308828547839125e-12,0.36554501672531353,48.0,1.0
331,1769183783.3484347,0.0501453876495361,0.0,0.72,19.750000000013237,4.950033471199671,3.3088285478391257e-12,0.36554501672531226,48.0,1.0
332,1769183783.4020257,0.0535280704498291,0.0,0.72,19.75000000001323,4.950033471207609,3.3088285478391245e-12,0.36554501672531103,48.0,1.0
333,1769183783.4521646,0.0502126216888427,0.0,0.72,19.75000000001323,4.950033471215006,3.308828547839125e-12,0.36554501672531003,48.0,1.0
334,1769183783.4935727,0.0413823127746582,0.0,0.72,19.750000000013237,4.950033471221893,3.308828547839124e-12,0.36554501672530915,48.0,1.0
335,1769183783.5488522,0.0554010868072509,0.0,0.72,19.75000000001323,4.950033471228305,3.3088285478391232e-12,0.36554501672530804,48.0,1.0
336,1769183783.5988014,0.0498518943786621,0.0,0.72,19.750000000013237,4.950033471234278,3.3088285478391237e-12,0.36554501672530726,48.0,1.0
337,1769183783.649114,0.0502815246582031,0.0,0.72,19.75000000001323,4.950033471239839,3.308828547839123e-12,0.3655450167253063,48.0,1.0
338,1769183783.702618,0.0534653663635253,0.0,0.72,19.750000000013234,4.9500334712450185,3.3088285478391237e-12,0.3655450167253057,48.0,1.0
339,1769183783.752728,0.0501308441162109,0.0,0.72,19.75000000001323,4.950033471249841,3.3088285478391232e-12,0.365545016725305,48.0,1.0
340,1769183783.7936034,0.0408129692077636,0.0,0.72,19.75000000001323,4.950033471254333,3.3088285478391232e-12,0.36554501672530426,48.0,1.0
341,1769183783.8486145,0.0551271438598632,0.0,0.72,19.750000000013237,4.950033471258516,3.3088285478391237e-12,0.36554501672530376,48.0,1.0
342,1769183783.899602,0.0509910583496093,0.0,0.72,19.75000000001323,4.950033471262411,3.308828547839123e-12,0.36554501672530315,48.0,1.0
343,1769183783.9497137,0.0501751899719238,-2.4255868315831903,0.72,19.492236914126927,4.238772651359712,0.024405181826316905,0.3737041830347617,108.0,1.0
344,1769183783.978697,0.0288088321685791,0.0031239053509404258,0.72,19.236513160034683,3.792957495386626,0.04819383056255721,0.3880907509629842,170.0,1.0
345,1769183784.028957,0.0503971576690673,-0.003093262798505858,0.72,18.983578110047425,3.3576346691191765,0.07221038168646973,0.40602072794938043,222.0,1.0
346,1769183784.0789704,0.0500509738922119,-0.004316057090946401,0.72,18.732105338930307,2.930689854625315,0.09667102234807244,0.4256586493128841,267.0,1.0
347,1769183784.1324985,0.0534977912902832,0.0048472794910163755,0.72,18.481226899237882,2.5115883573824744,0.12143349729619225,0.4455225100446117,307.0,1.0
348,1769183784.1825392,0.0499181747436523,0.0061555038364278225,0.72,18.230665547240246,1.8569109988431003,0.14634280999798896,0.4566655167878872,325.0,1.0
349,1769183784.2328131,0.0503675937652587,0.006627835570022,0.72,17.980248639919683,1.2426460593623276,0.17131198084538324,0.4285023199602628,331.0,1.0
350,1769183784.279215,0.046283483505249,0.00429425633554148,0.72,17.729846515045097,0.9184920848766707,0.19630280983662865,0.3783927067134951,348.0,1.0
351,1769183784.3293564,0.0502314567565918,0.004219283067786517,0.72,17.479438361330708,0.647204925720376,0.22130060258804535,0.3044060224097385,359.0,1.0
352,1769183784.3794546,0.0501015186309814,0.0003505968364332368,0.72,17.229036861903015,0.4335744602084054,0.2463001458538281,0.21882702798757528,359.0,1.0
353,1769183784.433046,0.0536222457885742,0.0,0.72,16.978672435092108,0.27766550648099775,0.2712997009709273,0.13868322094320343,358.0,1.0
354,1769183784.485026,0.0518655776977539,0.0,0.72,16.728373220972586,0.17509768502727407,0.2962987614606157,0.07792181371608033,351.0,1.0
355,1769183784.5372148,0.0522944927215576,0.0,0.72,16.47814886040659,0.11612587379628023,0.3212972043059265,0.04094839761166068,334.0,1.0
356,1769183784.5960796,0.0588791370391845,0.0,0.72,16.227987098950692,0.08719908809906098,0.3462949709867017,0.022903011173809766,311.0,1.0
357,1769183784.6474798,0.0513501167297363,0.0,0.72,15.977864517301207,0.07523037622104517,0.3712919810589588,0.015746772566955964,293.0,1.0
358,1769183784.6970084,0.0494472980499267,0.0,0.72,15.727760147999051,0.07104761993382344,0.39628816977656883,0.013389398501665362,268.0,1.0
359,1769183784.7510955,0.0541448593139648,0.0,0.72,15.47766144483843,0.06980205955226816,0.42128355361605585,0.012730320053006665,242.0,1.0
360,1769183784.8011477,0.0500764846801757,0.0,0.72,15.227562958997877,0.06948354634694992,0.44627817044553175,0.012572144399786017,208.0,1.0
361,1769183784.8514464,0.0503473281860351,0.0,0.72,14.977463070288257,0.06941407433111428,0.4712719704379045,0.012539818014980266,182.0,1.0
362,1769183784.897827,0.0463676452636718,0.0,0.72,14.727361713944035,0.0694018114574303,0.4962647891446816,0.012534405680485557,156.0,1.0
363,1769183784.9479954,0.0501754283905029,0.0,0.72,14.477259342745691,0.0694005271080148,0.5212564237517723,0.01253374690928063,123.0,1.0
364,1769183784.9995067,0.0517067909240722,0.0,0.72,14.227156558491547,0.06940089262865339,0.5462467187239699,0.012533741622742256,101.0,1.0
365,1769183785.0485237,0.0488674640655517,0.0,0.72,13.97705400984806,0.06940141731721841,0.5712355418712919,0.012533797639757524,84.0,1.0
366,1769183785.1015787,0.0529384613037109,0.0,0.72,13.726952371016754,0.06940192799239231,0.5962227780839804,0.01253385438903687,78.0,1.0
367,1769183785.151636,0.0500690937042236,0.0,0.72,13.476852335713476,0.06940241139712065,0.6212083139324571,0.012533908141544979,80.0,1.0
368,1769183785.1981966,0.0465173721313476,0.0,0.72,13.226754613485005,0.0694028661839555,0.6461920396938574,0.01253395871144084,82.0,1.0
369,1769183785.248445,0.0503826141357421,0.0,0.72,12.976659928439881,0.06940329131187366,0.6711738491200934,0.012534005983047616,82.0,1.0
370,1769183785.2983968,0.0499038696289062,0.0,0.72,12.72656901350583,0.06940368580429214,0.6961536426399593,0.012534049847852136,84.0,1.0
371,1769183785.3520236,0.053603172302246,0.0,0.72,12.476482610805487,0.06940404875282107,0.7211313316226962,0.0125340902049213,86.0,1.0
372,1769183785.4019637,0.0498640537261962,0.0,0.72,12.22640146670085,0.06940437932077007,0.7461068289033371,0.012534126961291182,86.0,1.0
373,1769183785.4521062,0.0502514839172363,0.0,0.72,11.976326326828687,0.06940467674637103,0.7710800629274278,0.012534160032324503,90.0,1.0
374,1769183785.498578,0.0463650226593017,0.0,0.72,11.726257935522487,0.06940494034570624,0.7960509699350735,0.012534189342035519,90.0,1.0
375,1769183785.5491369,0.0508644580841064,0.0,0.72,11.476197030873314,0.0694051695153293,0.8210194941281999,0.012534214823380727,92.0,1.0
376,1769183785.5987716,0.0494391918182373,0.0,0.72,11.226144342522682,0.06940536373455616,0.84598559912807,0.012534236418512996,94.0,1.0
377,1769183785.6523616,0.0535781383514404,0.0,0.72,10.976100587465986,0.0694055225674267,0.8709492561463692,0.012534254078999097,94.0,1.0
378,1769183785.702343,0.0498669147491455,0.0,0.72,10.72606646534917,0.06940564566431384,0.895910453361214,0.012534267765998171,96.0,1.0
379,1769183785.755968,0.0536806583404541,0.0,0.72,10.476042658292437,0.06940573276317707,0.9208691975604761,0.012534277450400717,98.0,1.0
380,1769183785.7989588,0.0429515838623046,0.0,0.72,10.226029825622623,0.06940578369046067,0.945825505274545,0.01253428311292815,98.0,1.0
381,1769183785.8490374,0.0501327514648437,0.0,0.72,9.976028599612363,0.06940579836162017,0.9707794128204731,0.012534284744191163,100.0,1.0
382,1769183785.8991497,0.0501599311828613,0.0,0.72,9.72603958621863,0.06940577678128464,0.995730973233077,0.012534282344707652,102.0,1.0
383,1769183785.9526155,0.0534994602203369,0.0,0.72,9.476063357500314,0.06940571904305133,1.020680261864169,0.012534275924879858,102.0,1.0
384,1769183786.0027654,0.0500247478485107,0.0,0.72,9.226100452549378,0.06940562532892099,1.0456273591591874,0.012534265504931688,102.0,1.0
385,1769183786.0554683,0.0532484054565429,0.0,0.72,8.976151372745303,0.0694054959083614,1.07057238041891,0.012534251114804777,106.0,1.0
386,1769183786.098522,0.0429625511169433,0.0,0.72,8.726216579839242,0.06940533113703395,1.0955154444105966,0.012534232794017153,106.0,1.0
387,1769183786.1505656,0.0519549846649169,0.0,0.72,8.476296495848896,0.06940513145516305,1.120456694908981,0.012534210591482301,106.0,1.0
388,1769183786.2009168,0.0502731800079345,0.0,0.72,8.22639149598087,0.06940489738557595,1.145396290768625,0.012534184565291661,108.0,1.0
389,1769183786.254574,0.0537750720977783,0.0,0.72,7.976501912417866,0.0694046295314225,1.1703344128903086,0.012534154782461619,110.0,1.0
390,1769183786.3047304,0.0500979423522949,0.0,0.72,7.726628029419328,0.0694043285735876,1.1952712499997675,0.012534121318646391,110.0,1.0
391,1769183786.3547325,0.0500566959381103,0.0,0.72,7.476770081282357,0.06940399526780616,1.2202070115079366,0.012534084257817879,112.0,1.0
392,1769183786.4012372,0.0463833808898925,0.0,0.72,7.226928255101935,0.0694036304415126,1.2451419207955177,0.012534043691916096,114.0,1.0
393,1769183786.451854,0.050765037536621,0.0,0.72,6.977102685469427,0.06940323499042657,1.2700762098117133,0.01253399972047027,114.0,1.0
394,1769183786.501368,0.0493690967559814,0.0,0.72,6.7272934644500815,0.06940280987492485,1.2950100895200531,0.012533952450196242,112.0,1.0
395,1769183786.555884,0.0546686649322509,0.0,0.72,6.477500653279511,0.06940235611622604,1.3199436389546724,0.012533901994573052,110.0,1.0
396,1769183786.5985105,0.0425348281860351,0.0,0.72,6.2277243535774955,0.06940187479253747,1.3448764465127097,0.012533848473415318,110.0,1.0
397,1769183786.650361,0.0518634319305419,0.0,0.72,5.977964917734476,0.0694013670354805,1.369806464744583,0.012533792012476647,108.0,1.0
398,1769183786.702649,0.0522933006286621,0.0,0.72,5.728223576957467,0.06940083402764255,1.3947269362817512,0.01253373274317825,106.0,1.0
399,1769183786.752207,0.0496501922607421,0.0,0.72,5.478504059078594,0.06940027700313127,1.41961884262896,0.012533670802671464,104.0,1.0
400,1769183786.8024397,0.0501747131347656,0.0,0.72,5.2288163798346075,0.06939969725488801,1.444434630765879,0.01253360633465189,104.0,1.0
401,1769183786.8559504,0.0534815788269043,0.0,0.72,4.9791848055440795,0.06939909615526173,1.469066809417381,0.012533539491648168,102.0,1.0
402,1769183786.9026992,0.0468065738677978,0.0,0.72,4.729662941448695,0.06939847519942992,1.493294586941735,0.012533470439851589,100.0,1.0
403,1769183786.956039,0.0535235404968261,0.0,0.72,4.480359379803928,0.06939783608300217,1.5167046148506964,0.012533399367747305,98.0,1.0
404,1769183787.0088518,0.0528123378753662,0.0,0.72,4.231476632414332,0.06939718082286075,1.538591343818329,0.012533326499554357,98.0,1.0
405,1769183787.054428,0.0450892448425293,0.0,0.72,3.9833631676776955,0.06939651192090451,1.557857995302486,0.012533252113437886,96.0,1.0
406,1769183787.1016276,0.0471260547637939,0.0,0.72,3.7365730658513376,0.06939583255276059,1.5729573080880384,0.01253317656249936,94.0,1.0
407,1769183787.1551688,0.0535423755645751,0.0,0.72,3.491920970632929,0.06939514674079664,1.5819213734650752,0.012533100294022461,92.0,1.0
408,1769183787.2051933,0.0499532222747802,0.0,0.72,3.2505144320031163,0.06939445945186168,1.5825207473196077,0.012533023860349345,92.0,1.0
409,1769183787.2589755,0.0538625717163085,0.0,0.72,3.013744920478896,0.06939377655721468,1.5725573225529723,0.012532947914431032,90.0,1.0
410,1769183787.301908,0.0428636074066162,0.0,0.72,2.7832255366401055,0.06939310461434695,1.5502421390466543,0.012532873185569036,88.0,1.0
411,1769183787.3519824,0.0501337051391601,0.0,0.72,2.5606770659992475,0.06939245047606221,1.5145615733661317,0.012532800435942803,86.0,1.0
412,1769183787.404525,0.0525455474853515,0.0,0.72,2.3477800187207913,0.06939182078595868,1.4655222486920139,0.012532730404499062,86.0,1.0
413,1769183787.4557335,0.0512607097625732,0.0,0.72,2.1460217056294706,0.06939122145819082,1.4041985438603513,0.012532663749088022,84.0,1.0
414,1769183787.505602,0.049734354019165,0.0,0.72,1.956569155651421,0.06939065724556975,1.332573479000672,0.012532600998420296,82.0,1.0
415,1769183787.5601895,0.05472993850708,0.0,0.72,1.7801902111808259,0.06939013147176094,1.2532300370547587,0.012532542522271968,80.0,1.0
416,1769183787.6016164,0.0413289070129394,0.0,0.72,1.6172308594340905,0.06938964595512274,1.1689862855285917,0.012532488523003402,78.0,1.0
417,1769183787.6524508,0.050905704498291,0.0,0.72,1.467642851332655,0.06938920110428863,1.0825636708685622,0.012532439046180748,78.0,1.0
418,1769183787.7025013,0.0499649047851562,0.0,0.72,1.3310466287912635,0.06938879613480495,0.9963459764417505,0.012532394004663714,76.0,1.0
419,1769183787.756054,0.0535881519317626,0.0,0.72,1.2068118901608722,0.06938842934677972,0.9122471606106595,0.012532353209481891,74.0,1.0
420,1769183787.8061545,0.0500671863555908,0.0,0.72,1.094140401823554,0.06938809841105766,0.8316757363445365,0.012532316401661792,74.0,1.0
421,1769183787.8597162,0.0535957813262939,0.0,0.72,0.9921404482643403,0.06938780062757297,0.755567959498302,0.012532283280961426,72.0,1.0
422,1769183787.9098413,0.0501871109008789,0.0,0.72,0.8998873916238284,0.06938753313673984,0.6844599482193114,0.012532253529382791,70.0,1.0
423,1769183787.9599082,0.0500626564025878,0.0,0.72,0.8164688230362767,0.06938729307843831,0.6185741244567629,0.012532226828856484,68.0,1.0
424,1769183788.0028756,0.0428864955902099,0.0,0.72,0.7410154096746301,0.06938707770210567,0.5579036590632831,0.012532202873488368,68.0,1.0
425,1769183788.0571146,0.0543351173400878,0.0,0.72,0.6727198075315916,0.06938688443585994,0.502285853554895,0.012532181377249605,66.0,1.0
426,1769183788.1064715,0.0492851734161376,0.0,0.72,0.6108464054376234,0.06938671092397508,0.45146109924333244,0.012532162078146485,64.0,1.0
427,1769183788.160215,0.0537469387054443,0.0,0.72,0.5547344777210844,0.06938655504145823,0.40511737934408265,0.012532144739843242,64.0,1.0
428,1769183788.21006,0.0497698783874511,0.0,0.72,0.5037968927906764,0.06938641489306104,0.3629220218084688,0.012532129151553256,62.0,1.0
429,1769183788.2533314,0.0433580875396728,0.0,0.72,0.4575160475243598,0.06938628880244468,0.3245431588184571,0.012532115126834912,60.0,1.0
430,1769183788.306815,0.0534272193908691,0.0,0.72,0.4154382334380621,0.06938617529566464,0.2896632893604295,0.012532102501755453,60.0,1.0
431,1769183788.3569062,0.0501723289489746,0.0,0.72,0.37716725829456577,0.0693860730818478,0.25798700404871355,0.012532091132742427,58.0,1.0
432,1769183788.4068472,0.0498454570770263,0.0,0.72,0.34235787437554965,0.06938598103299516,0.2292446396780767,0.012532080894337628,58.0,1.0
433,1769183788.4535968,0.0468716621398925,0.0,0.72,0.3107093408198439,0.06938589816408774,0.20319313217586785,0.012532071676984781,56.0,1.0
434,1769183788.5034816,0.0497667789459228,0.0,0.72,0.28195930809853553,0.06938582361418676,0.1796150324878068,0.01253206338492765,54.0,1.0
435,1769183788.5547278,0.0513677597045898,0.0,0.72,0.2558781237905875,0.0693857566289019,0.1583164062530622,0.01253205593426027,54.0,1.0
436,1769183788.6071837,0.0524487495422363,0.0,0.72,0.2322635891887441,0.06938569654436079,0.13912405310469164,0.012532049251144078,52.0,1.0
437,1769183788.657318,0.0500898361206054,0.0,0.72,0.21093618347077966,0.06938564277274054,0.12188244431636885,0.012532043270198774,52.0,1.0
438,1769183788.7072775,0.0498952865600585,0.0,0.72,0.1917347484361369,0.06938559478933237,0.1064505962455875,0.012532037933063664,50.0,1.0
439,1769183788.7538364,0.0465943813323974,0.0,0.72,0.17451263118178706,0.0693855521211044,0.09269905982157776,0.012532033187125601,50.0,1.0
440,1769183788.803978,0.0501749515533447,0.0,0.72,0.15913429113801864,0.06938551433673673,0.08050717096602171,0.012532028984410684,48.0,1.0
441,1769183788.8530505,0.0490517616271972,0.0,0.72,0.14547238321712574,0.06938548103810831,0.06976065727888361,0.012532025280637389,48.0,1.0
442,1769183788.9050624,0.0520808696746826,0.0,0.72,0.13340534006386334,0.06938545185323783,0.06034969236699934,0.012532022034431472,46.0,1.0
443,1769183788.9580612,0.0531518459320068,0.0,0.72,0.12281547476253464,0.06938542643067466,0.05216744498284866,0.0125320192067021,46.0,1.0
444,1769183789.005343,0.047133445739746,0.0,0.72,0.11358762402021289,0.06938540443533328,0.04510916157452182,0.012532016760178556,44.0,1.0
445,1769183789.0622633,0.0569305419921875,0.0,0.72,0.10560833448217702,0.06938538554572449,0.039071770203681286,0.012532014659102288,44.0,1.0
446,1769183789.1118124,0.0494816303253173,0.0,0.72,0.0987655768119524,0.06938536945250195,0.03395397612190371,0.0125320128690653,42.0,1.0
447,1769183789.1549194,0.0430936813354492,0.0,0.72,0.09294894095298548,0.06938535585817314,0.02965676672794587,0.012532011356977964,42.0,1.0
448,1769183789.208442,0.0534908771514892,0.0,0.72,0.08805023985616835,0.06938534447777571,0.026084229818271323,0.012532010091144324,40.0,1.0
449,1769183789.2587268,0.0503296852111816,0.0,0.72,0.08396441810158439,0.06938533504025537,0.023144551647212477,0.012532009041415354,40.0,1.0
450,1769183789.308556,0.0498054027557373,0.0,0.72,0.08059064558102781,0.06938532729025856,0.020751069700106647,0.012532008179388343,38.0,1.0
451,1769183789.3551855,0.0466716289520263,0.0,0.72,0.07783346404906351,0.06938532099003222,0.018823246586717354,0.01253200747861825,38.0,1.0
452,1769183789.4051151,0.0498642921447753,0.0,0.72,0.07560386277852839,0.0693853159211553,0.017287468313972102,0.012532006914810297,36.0,1.0
453,1769183789.4553685,0.0503461360931396,0.0,0.72,0.07382017373014191,0.06938531188586375,0.01607758658732951,0.012532006465967352,36.0,1.0
454,1769183789.508643,0.0532038211822509,0.0,0.72,0.07240870932254033,0.0693853087078139,0.015135176934324533,0.012532006112474835,34.0,1.0
455,1769183789.56035,0.0518419742584228,0.0,0.72,0.07130409736879958,0.06938530623219885,0.014409505717015124,0.012532005837113704,34.0,1.0
456,1769183789.605531,0.0450356006622314,0.0,0.72,0.07044930849639562,0.06938530432522837,0.013857244374146682,0.012532005625002535,32.0,1.0
457,1769183789.6555202,0.0500187873840332,0.0,0.72,0.06979540003117252,0.06938530287303982,0.013441975535839453,0.012532005463476487,32.0,1.0
458,1769183789.705083,0.0495004653930664,0.0,0.72,0.06930102912109089,0.06938530178016875,0.01313356035160925,0.012532005341917096,30.0,1.0
459,1769183789.7556603,0.0506389141082763,0.0,0.72,0.06893179752131441,0.06938530096772183,0.012907422182687707,0.012532005251549117,30.0,1.0
460,1769183789.808581,0.0528907775878906,0.0,0.72,0.06865949789385865,0.06938530037140468,0.012743808403726027,0.01253200518522112,28.0,1.0
461,1769183789.8592756,0.0507082939147949,0.0,0.72,0.06846132077515127,0.06938529993952777,0.012627066209359092,0.01253200513718371,28.0,1.0
462,1769183789.909699,0.0504806041717529,0.0,0.72,0.06831907373489816,0.06938529963109484,0.01254496871773285,0.0125320051028769,26.0,1.0
463,1769183789.956259,0.0466012954711914,0.0,0.72,0.06821844529261266,0.06938529941403392,0.012488103397133802,0.012532005078733343,26.0,1.0
464,1769183790.0064523,0.0501630306243896,0.0,0.72,0.06814833422816423,0.06938529926360675,0.012449330532915047,0.012532005062001422,24.0,1.0
465,1769183790.056764,0.0504066944122314,0.0,0.72,0.06810025799240699,0.06938529916102106,0.012423325221656747,0.012532005050590878,24.0,1.0
466,1769183790.1096072,0.0526976585388183,0.0,0.72,0.06806783356781794,0.0693852990922201,0.0124061756245449,0.012532005042938185,22.0,1.0
467,1769183790.1596944,0.050084114074707,0.0,0.72,0.06804633974352675,0.06938529904687295,0.012395064474765535,0.012532005037894244,22.0,1.0
468,1769183790.2132046,0.0534343719482421,0.0,0.72,0.06803234358733257,0.06938529901751538,0.012387994346053578,0.012532005034628821,22.0,1.0
469,1769183790.2536218,0.0404956340789794,0.0,0.72,0.06802339632628297,0.06938529899885858,0.0123835790708526,0.01253200503255364,20.0,1.0
470,1769183790.305114,0.0514440536499023,0.0,0.72,0.06801778439128724,0.06938529898722645,0.012380874294988213,0.012532005031259804,20.0,1.0
471,1769183790.356467,0.0514609813690185,0.0,0.72,0.06801433290488354,0.06938529898011579,0.012379250085474384,0.012532005030468888,18.0,1.0
472,1769183790.4099643,0.0533692836761474,0.0,0.72,0.06801225265855623,0.0693852989758565,0.012378294517241152,0.012532005029995132,18.0,1.0
473,1769183790.4603047,0.0504956245422363,0.0,0.72,0.06801102489291398,0.0693852989733584,0.012377744230486482,0.01253200502971727,16.0,1.0
474,1769183790.5135417,0.0530886650085449,0.0,0.72,0.06801031574993764,0.06938529897192475,0.012377434197853275,0.012532005029557806,16.0,1.0
475,1769183790.5657208,0.0523560047149658,0.0,0.72,0.06800991530747659,0.06938529897112047,0.012377263550289147,0.012532005029468347,14.0,1.0
476,1769183790.614141,0.048358678817749,0.0,0.72,0.06800969455948432,0.06938529897068019,0.012377172061966603,0.012532005029419374,14.0,1.0
477,1769183790.6571462,0.0429520606994628,0.0,0.72,0.0680095756364298,0.06938529897044457,0.01237712399073843,0.012532005029393167,12.0,1.0
478,1769183790.7106,0.0533711910247802,0.0,0.72,0.06800951346318238,0.06938529897032243,0.012377099708742097,0.012532005029379581,12.0,1.0
479,1769183790.7606847,0.0501520633697509,0.0,0.72,0.06800948181611,0.06938529897026074,0.012377087721059402,0.012532005029372722,12.0,1.0
480,1769183790.8142855,0.0536386966705322,0.0,0.72,0.06800946624861204,0.06938529897023069,0.012377082026456317,0.012532005029369377,10.0,1.0
481,1769183790.8643515,0.0500781536102294,0.0,0.72,0.06800945884992367,0.06938529897021654,0.012377079417392328,0.012532005029367802,10.0,1.0
482,1769183790.9146922,0.0503585338592529,0.0,0.72,0.06800945548655148,0.06938529897021015,0.012377078279922016,0.012532005029367093,8.0,1.0
483,1769183790.957589,0.0428948402404785,0.0,0.72,0.06800945402466944,0.06938529897020743,0.012377077814667455,0.01253200502936679,8.0,1.0
484,1769183791.0125785,0.0552892684936523,0.0,0.72,0.0680094534411263,0.0693852989702064,0.012377077639704068,0.012532005029366675,6.0,1.0
485,1769183791.0579247,0.0450549125671386,0.0,0.72,0.06800945323860925,0.06938529897020601,0.012377077587733607,0.012532005029366631,6.0,1.0
486,1769183791.114788,0.0567896366119384,0.0,0.72,0.06800945318325462,0.06938529897020591,0.012377077573528352,0.01253200502936662,4.0,1.0
487,1769183791.1648903,0.0501284599304199,0.0,0.72,0.06800945318325462,0.06938529897020591,0.01237707757352835,0.012532005029366623,4.0,1.0
488,1769183791.205594,0.0406179428100585,0.0,0.72,0.06800945318325462,0.06938529897020591,0.01237707757352835,0.012532005029366623,4.0,1.0
489,1769183791.2605872,0.0551011562347412,0.0,0.72,0.06800945318325462,0.06938529897020591,0.01237707757352835,0.012532005029366623,4.0,1.0
490,1769183791.311581,0.050908088684082,0.0,0.72,0.06800945318325462,0.06938529897020591,0.01237707757352835,0.012532005029366623,4.0,1.0
491,1769183791.361631,0.0501153469085693,0.0,0.72,0.06800945318325462,0.06938529897020591,0.01237707757352835,0.012532005029366623,4.0,1.0
492,1769183791.408162,0.046454906463623,0.0,0.72,0.06800945318325462,0.06938529897020591,0.01237707757352835,0.012532005029366623,4.0,1.0
493,1769183791.4582386,0.0501925945281982,0.0,0.72,0.06800945318325462,0.06938529897020591,0.01237707757352835,0.012532005029366623,4.0,1.0
494,1769183791.5082967,0.0499618053436279,0.0,0.72,0.06800945318325462,0.06938529897020591,0.01237707757352835,0.012532005029366623,4.0,1.0
495,1769183791.5626988,0.054506778717041,0.0,0.72,0.06800945318325462,0.06938529897020591,0.01237707757352835,0.012532005029366623,4.0,1.0
496,1769183791.611945,0.0491628646850585,0.0,0.72,0.06800945318325462,0.06938529897020591,0.01237707757352835,0.012532005029366623,4.0,1.0
497,1769183791.6620193,0.0501086711883544,0.0,0.72,0.06800945318325462,0.06938529897020591,0.01237707757352835,0.012532005029366623,4.0,1.0
498,1769183791.708618,0.0466499328613281,0.0,0.72,0.06800945318325462,0.06938529897020591,0.01237707757352835,0.012532005029366623,4.0,1.0
499,1769183791.7586677,0.0499806404113769,0.0,0.72,0.06800945318325462,0.06938529897020591,0.01237707757352835,0.012532005029366623,4.0,1.0
500,1769183791.8087368,0.0500197410583496,0.0,0.72,0.06800945318325462,0.06938529897020591,0.01237707757352835,0.012532005029366623,4.0,1.0
501,1769183791.8622725,0.0535931587219238,0.0,0.72,0.06800945318325462,0.06938529897020591,0.01237707757352835,0.012532005029366623,4.0,1.0
502,1769183791.9127083,0.0504851341247558,0.0,0.72,0.06800945318325462,0.06938529897020591,0.01237707757352835,0.012532005029366623,4.0,1.0
503,1769183791.962775,0.0500776767730712,0.0,0.72,0.06800945318325462,0.06938529897020591,0.01237707757352835,0.012532005029366623,4.0,1.0
504,1769183792.008993,0.0461399555206298,0.0,0.72,0.06800945318325462,0.06938529897020591,0.01237707757352835,0.012532005029366623,4.0,1.0
505,1769183792.0612578,0.0526762008666992,0.0,0.72,0.06800945318325462,0.06938529897020591,0.01237707757352835,0.012532005029366623,4.0,1.0
506,1769183792.1106503,0.0493066310882568,0.0,0.72,0.06800945318325462,0.06938529897020591,0.01237707757352835,0.012532005029366623,4.0,1.0
507,1769183792.160754,0.0501198768615722,0.0,0.72,0.06800945318325462,0.06938529897020591,0.01237707757352835,0.012532005029366623,4.0,1.0
508,1769183792.2142725,0.0534520149230957,0.0,0.72,0.06800945318325462,0.06938529897020591,0.01237707757352835,0.012532005029366623,4.0,1.0
509,1769183792.2645397,0.050372838973999,0.0,0.72,0.06800945318325462,0.06938529897020591,0.01237707757352835,0.012532005029366623,4.0,1.0
510,1769183792.3108292,0.0461840629577636,0.0,0.72,0.06800945318325462,0.06938529897020591,0.01237707757352835,0.012532005029366623,4.0,1.0
511,1769183792.3611174,0.0503702163696289,0.0,0.72,0.06800945318325462,0.06938529897020591,0.01237707757352835,0.012532005029366623,4.0,1.0
512,1769183792.410975,0.0497560501098632,0.0,0.72,0.06800945318325462,0.06938529897020591,0.01237707757352835,0.012532005029366623,4.0,1.0
513,1769183792.463032,0.0524053573608398,0.0,0.72,0.06800945318325462,0.06938529897020591,0.01237707757352835,0.012532005029366623,4.0,1.0
514,1769183792.5157485,0.0526378154754638,0.0,0.72,0.06800945318325462,0.06938529897020591,0.01237707757352835,0.012532005029366623,4.0,1.0
515,1769183792.568579,0.0531754493713378,0.0,0.72,0.06800945318325462,0.06938529897020591,0.01237707757352835,0.012532005029366623,4.0,1.0
516,1769183792.6105263,0.0411820411682128,0.0,0.72,0.06800945318325462,0.06938529897020591,0.01237707757352835,0.012532005029366623,4.0,1.0
517,1769183792.6702452,0.0599255561828613,0.0,0.72,0.06800945318325462,0.06938529897020591,0.01237707757352835,0.012532005029366623,4.0,1.0
518,1769183792.718948,0.0484631061553955,0.0,0.72,0.06800945318325462,0.06938529897020591,0.01237707757352835,0.012532005029366623,4.0,1.0
519,1769183792.7619271,0.0429339408874511,0.0,0.72,0.06800945318325462,0.06938529897020591,0.01237707757352835,0.012532005029366623,4.0,1.0
520,1769183792.8156598,0.0537745952606201,0.0,0.72,0.06800945318325462,0.06938529897020591,0.01237707757352835,0.012532005029366623,4.0,1.0
521,1769183792.8660812,0.0504260063171386,0.0,0.72,0.06800945318325462,0.06938529897020591,0.01237707757352835,0.012532005029366623,4.0,1.0
522,1769183792.916623,0.0507562160491943,0.0,0.72,0.06800945318325462,0.06938529897020591,0.01237707757352835,0.012532005029366623,4.0,1.0
523,1769183792.9625962,0.0457561016082763,0.0,0.72,0.06800945318325462,0.06938529897020591,0.01237707757352835,0.012532005029366623,4.0,1.0
524,1769183793.0138645,0.0513887405395507,0.0,0.72,0.06800945318325462,0.06938529897020591,0.01237707757352835,0.012532005029366623,4.0,1.0
525,1769183793.0647273,0.0508034229278564,0.0,0.72,0.06800945318325462,0.06938529897020591,0.01237707757352835,0.012532005029366623,4.0,1.0
526,1769183793.1140668,0.049281358718872,0.0,0.72,0.06800945318325462,0.06938529897020591,0.01237707757352835,0.012532005029366623,4.0,1.0
527,1769183793.1671216,0.05303955078125,0.0,0.72,0.06800945318325462,0.06938529897020591,0.01237707757352835,0.012532005029366623,4.0,1.0
528,1769183793.2171109,0.0498931407928466,0.0,0.72,0.06800945318325462,0.06938529897020591,0.01237707757352835,0.012532005029366623,4.0,1.0
529,1769183793.2709324,0.053891897201538,0.0,0.72,0.06800945318325462,0.06938529897020591,0.01237707757352835,0.012532005029366623,4.0,1.0
530,1769183793.3210795,0.050182819366455,0.0,0.72,0.06800945318325462,0.06938529897020591,0.01237707757352835,0.012532005029366623,4.0,1.0
531,1769183793.371526,0.0504515171051025,0.0,0.72,0.06800945318325462,0.06938529897020591,0.01237707757352835,0.012532005029366623,4.0,1.0
532,1769183793.414109,0.0425860881805419,0.0,0.72,0.06800945318325462,0.06938529897020591,0.01237707757352835,0.012532005029366623,4.0,1.0
533,1769183793.474761,0.0607616901397705,0.0,0.72,0.06800945318325462,0.06938529897020591,0.01237707757352835,0.012532005029366623,4.0,1.0
534,1769183793.5135806,0.0387086868286132,0.0,0.72,0.06800945318325462,0.06938529897020591,0.01237707757352835,0.012532005029366623,4.0,1.0
535,1769183793.572603,0.0598454475402832,0.0,0.72,0.06800945318325462,0.06938529897020591,0.01237707757352835,0.012532005029366623,4.0,1.0
